id,branchId,flowerId,sourceOrderId,quantity,shippedAt
1,1,1,1,40,2025-07-29
2,2,1,2,67,2025-07-29
3,3,1,3,17,2025-07-29
4,4,1,4,22,2025-07-29
5,1,2,5,24,2025-07-29
6,2,2,6,31,2025-07-29
7,3,2,7,15,2025-07-29
8,4,2,8,32,2025-07-29
9,1,3,9,20,2025-07-29
10,2,3,10,33,2025-07-29
11,3,3,11,9,2025-07-29
12,4,3,12,51,2025-07-29
13,1,4,13,35,2025-07-29
14,2,4,14,14,2025-07-29
15,3,4,15,28,2025-07-29
16,4,4,16,39,2025-07-29
17,1,5,17,38,2025-07-29
18,2,5,18,23,2025-07-29
19,3,5,19,17,2025-07-29
20,4,5,20,59,2025-07-29
21,1,6,21,37,2025-07-29
22,2,6,22,14,2025-07-29
23,3,6,23,22,2025-07-29
24,4,6,24,33,2025-07-29
25,1,7,25,67,2025-07-29
26,2,7,26,21,2025-07-29
27,3,7,27,39,2025-07-29
28,4,7,28,34,2025-07-29
29,1,8,29,58,2025-07-29
30,2,8,30,20,2025-07-29
31,3,8,31,36,2025-07-29
32,4,8,32,21,2025-07-29
33,1,9,33,65,2025-07-29
34,2,9,34,21,2025-07-29
35,3,9,35,13,2025-07-29
36,4,9,36,19,2025-07-29
37,1,10,37,52,2025-07-29
38,2,10,38,48,2025-07-29
39,3,10,39,22,2025-07-29
40,4,10,40,20,2025-07-29
41,1,11,41,20,2025-07-29
42,2,11,42,35,2025-07-29
43,3,11,43,12,2025-07-29
44,4,11,44,17,2025-07-29
45,1,12,45,49,2025-07-29
46,2,12,46,30,2025-07-29
47,3,12,47,12,2025-07-29
48,4,12,48,17,2025-07-29
49,1,13,49,23,2025-07-29
50,2,13,50,51,2025-07-29
51,3,13,51,19,2025-07-29
52,4,13,52,42,2025-07-29
53,1,14,53,37,2025-07-29
54,2,14,54,39,2025-07-29
55,3,14,55,25,2025-07-29
56,4,14,56,37,2025-07-29
57,1,15,57,27,2025-07-29
58,2,15,58,26,2025-07-29
59,3,15,59,13,2025-07-29
60,4,15,60,33,2025-07-29
61,1,16,61,46,2025-07-29
62,2,16,62,20,2025-07-29
63,3,16,63,16,2025-07-29
64,4,16,64,27,2025-07-29
65,1,17,65,26,2025-07-29
66,2,17,66,51,2025-07-29
67,3,17,67,19,2025-07-29
68,4,17,68,22,2025-07-29
69,1,18,69,50,2025-07-29
70,2,18,70,16,2025-07-29
71,3,18,71,18,2025-07-29
72,4,18,72,32,2025-07-29
73,1,19,73,31,2025-07-29
74,2,19,74,33,2025-07-29
75,3,19,75,32,2025-07-29
76,4,19,76,26,2025-07-29
77,1,20,77,37,2025-07-29
78,2,20,78,9,2025-07-29
79,3,20,79,15,2025-07-29
80,4,20,80,45,2025-07-29
81,1,21,81,35,2025-07-29
82,2,21,82,16,2025-07-29
83,3,21,83,31,2025-07-29
84,4,21,84,40,2025-07-29
85,1,22,85,62,2025-07-29
86,2,22,86,25,2025-07-29
87,3,22,87,21,2025-07-29
88,4,22,88,17,2025-07-29
89,1,23,89,54,2025-07-29
90,2,23,90,28,2025-07-29
91,3,23,91,32,2025-07-29
92,4,23,92,19,2025-07-29
93,1,24,93,36,2025-07-29
94,2,24,94,20,2025-07-29
95,3,24,95,19,2025-07-29
96,4,24,96,21,2025-07-29
97,1,25,97,17,2025-07-29
98,2,25,98,11,2025-07-29
99,3,25,99,24,2025-07-29
100,4,25,100,34,2025-07-29
101,1,26,101,18,2025-07-29
102,2,26,102,34,2025-07-29
103,3,26,103,39,2025-07-29
104,4,26,104,41,2025-07-29
105,1,27,105,55,2025-07-29
106,2,27,106,42,2025-07-29
107,3,27,107,16,2025-07-29
108,4,27,108,48,2025-07-29
109,1,28,109,20,2025-07-29
110,2,28,110,27,2025-07-29
111,3,28,111,26,2025-07-29
112,4,28,112,25,2025-07-29
113,1,29,113,42,2025-07-29
114,2,29,114,37,2025-07-29
115,3,29,115,17,2025-07-29
116,4,29,116,34,2025-07-29
117,1,30,117,69,2025-07-29
118,2,30,118,24,2025-07-29
119,3,30,119,13,2025-07-29
120,4,30,120,65,2025-07-29
121,1,31,121,35,2025-07-29
122,2,31,122,28,2025-07-29
123,3,31,123,19,2025-07-29
124,4,31,124,33,2025-07-29
125,1,32,125,30,2025-07-29
126,2,32,126,13,2025-07-29
127,3,32,127,21,2025-07-29
128,4,32,128,59,2025-07-29
129,1,33,129,57,2025-07-29
130,2,33,130,39,2025-07-29
131,3,33,131,20,2025-07-29
132,4,33,132,45,2025-07-29
133,1,34,133,41,2025-07-29
134,2,34,134,25,2025-07-29
135,3,34,135,21,2025-07-29
136,4,34,136,32,2025-07-29
137,1,35,137,43,2025-07-29
138,2,35,138,38,2025-07-29
139,3,35,139,22,2025-07-29
140,4,35,140,36,2025-07-29
141,1,1,141,49,2025-07-30
142,2,1,142,26,2025-07-30
143,3,1,143,24,2025-07-30
144,4,1,144,24,2025-07-30
145,1,2,145,31,2025-07-30
146,2,2,146,40,2025-07-30
147,3,2,147,46,2025-07-30
148,4,2,148,24,2025-07-30
149,1,3,149,72,2025-07-30
150,2,3,150,33,2025-07-30
151,3,3,151,23,2025-07-30
152,4,3,152,27,2025-07-30
153,1,4,153,45,2025-07-30
154,2,4,154,36,2025-07-30
155,3,4,155,26,2025-07-30
156,4,4,156,35,2025-07-30
157,1,5,157,92,2025-07-30
158,2,5,158,24,2025-07-30
159,3,5,159,23,2025-07-30
160,4,5,160,44,2025-07-30
161,1,6,161,34,2025-07-30
162,2,6,162,16,2025-07-30
163,3,6,163,15,2025-07-30
164,4,6,164,45,2025-07-30
165,1,7,165,60,2025-07-30
166,2,7,166,32,2025-07-30
167,3,7,167,8,2025-07-30
168,4,7,168,22,2025-07-30
169,1,8,169,39,2025-07-30
170,2,8,170,16,2025-07-30
171,3,8,171,18,2025-07-30
172,4,8,172,17,2025-07-30
173,1,9,173,30,2025-07-30
174,2,9,174,21,2025-07-30
175,3,9,175,27,2025-07-30
176,4,9,176,29,2025-07-30
177,1,10,177,49,2025-07-30
178,2,10,178,50,2025-07-30
179,3,10,179,19,2025-07-30
180,4,10,180,38,2025-07-30
181,1,11,181,34,2025-07-30
182,2,11,182,32,2025-07-30
183,3,11,183,18,2025-07-30
184,4,11,184,30,2025-07-30
185,1,12,185,56,2025-07-30
186,2,12,186,35,2025-07-30
187,3,12,187,32,2025-07-30
188,4,12,188,45,2025-07-30
189,1,13,189,52,2025-07-30
190,2,13,190,24,2025-07-30
191,3,13,191,34,2025-07-30
192,4,13,192,18,2025-07-30
193,1,14,193,44,2025-07-30
194,2,14,194,34,2025-07-30
195,3,14,195,16,2025-07-30
196,4,14,196,25,2025-07-30
197,1,15,197,44,2025-07-30
198,2,15,198,57,2025-07-30
199,3,15,199,14,2025-07-30
200,4,15,200,19,2025-07-30
201,1,16,201,59,2025-07-30
202,2,16,202,47,2025-07-30
203,3,16,203,28,2025-07-30
204,4,16,204,55,2025-07-30
205,1,17,205,37,2025-07-30
206,2,17,206,17,2025-07-30
207,3,17,207,26,2025-07-30
208,4,17,208,35,2025-07-30
209,1,18,209,48,2025-07-30
210,2,18,210,43,2025-07-30
211,3,18,211,31,2025-07-30
212,4,18,212,16,2025-07-30
213,1,19,213,41,2025-07-30
214,2,19,214,27,2025-07-30
215,3,19,215,38,2025-07-30
216,4,19,216,20,2025-07-30
217,1,20,217,47,2025-07-30
218,2,20,218,46,2025-07-30
219,3,20,219,16,2025-07-30
220,4,20,220,20,2025-07-30
221,1,21,221,40,2025-07-30
222,2,21,222,33,2025-07-30
223,3,21,223,18,2025-07-30
224,4,21,224,64,2025-07-30
225,1,22,225,60,2025-07-30
226,2,22,226,41,2025-07-30
227,3,22,227,20,2025-07-30
228,4,22,228,30,2025-07-30
229,1,23,229,49,2025-07-30
230,2,23,230,54,2025-07-30
231,3,23,231,12,2025-07-30
232,4,23,232,52,2025-07-30
233,1,24,233,52,2025-07-30
234,2,24,234,7,2025-07-30
235,3,24,235,33,2025-07-30
236,4,24,236,29,2025-07-30
237,1,25,237,59,2025-07-30
238,2,25,238,40,2025-07-30
239,3,25,239,26,2025-07-30
240,4,25,240,55,2025-07-30
241,1,26,241,37,2025-07-30
242,2,26,242,43,2025-07-30
243,3,26,243,27,2025-07-30
244,4,26,244,24,2025-07-30
245,1,27,245,67,2025-07-30
246,2,27,246,38,2025-07-30
247,3,27,247,19,2025-07-30
248,4,27,248,42,2025-07-30
249,1,28,249,13,2025-07-30
250,2,28,250,45,2025-07-30
251,3,28,251,15,2025-07-30
252,4,28,252,43,2025-07-30
253,1,29,253,53,2025-07-30
254,2,29,254,27,2025-07-30
255,3,29,255,23,2025-07-30
256,4,29,256,54,2025-07-30
257,1,30,257,64,2025-07-30
258,2,30,258,27,2025-07-30
259,3,30,259,52,2025-07-30
260,4,30,260,14,2025-07-30
261,1,31,261,14,2025-07-30
262,2,31,262,41,2025-07-30
263,3,31,263,20,2025-07-30
264,4,31,264,31,2025-07-30
265,1,32,265,24,2025-07-30
266,2,32,266,26,2025-07-30
267,3,32,267,19,2025-07-30
268,4,32,268,52,2025-07-30
269,1,33,269,54,2025-07-30
270,2,33,270,26,2025-07-30
271,3,33,271,35,2025-07-30
272,4,33,272,52,2025-07-30
273,1,34,273,57,2025-07-30
274,2,34,274,27,2025-07-30
275,3,34,275,19,2025-07-30
276,4,34,276,46,2025-07-30
277,1,35,277,43,2025-07-30
278,2,35,278,10,2025-07-30
279,3,35,279,23,2025-07-30
280,4,35,280,29,2025-07-30
281,1,1,281,63,2025-07-31
282,2,1,282,37,2025-07-31
283,3,1,283,33,2025-07-31
284,4,1,284,26,2025-07-31
285,1,2,285,62,2025-07-31
286,2,2,286,14,2025-07-31
287,3,2,287,25,2025-07-31
288,4,2,288,27,2025-07-31
289,1,3,289,28,2025-07-31
290,2,3,290,34,2025-07-31
291,3,3,291,21,2025-07-31
292,4,3,292,66,2025-07-31
293,1,4,293,44,2025-07-31
294,2,4,294,29,2025-07-31
295,3,4,295,42,2025-07-31
296,4,4,296,47,2025-07-31
297,1,5,297,80,2025-07-31
298,2,5,298,15,2025-07-31
299,3,5,299,12,2025-07-31
300,4,5,300,74,2025-07-31
301,1,6,301,50,2025-07-31
302,2,6,302,17,2025-07-31
303,3,6,303,44,2025-07-31
304,4,6,304,23,2025-07-31
305,1,7,305,47,2025-07-31
306,2,7,306,37,2025-07-31
307,3,7,307,17,2025-07-31
308,4,7,308,32,2025-07-31
309,1,8,309,70,2025-07-31
310,2,8,310,31,2025-07-31
311,3,8,311,21,2025-07-31
312,4,8,312,44,2025-07-31
313,1,9,313,34,2025-07-31
314,2,9,314,18,2025-07-31
315,3,9,315,31,2025-07-31
316,4,9,316,63,2025-07-31
317,1,10,317,26,2025-07-31
318,2,10,318,39,2025-07-31
319,3,10,319,17,2025-07-31
320,4,10,320,70,2025-07-31
321,1,11,321,22,2025-07-31
322,2,11,322,45,2025-07-31
323,3,11,323,39,2025-07-31
324,4,11,324,45,2025-07-31
325,1,12,325,56,2025-07-31
326,2,12,326,41,2025-07-31
327,3,12,327,25,2025-07-31
328,4,12,328,73,2025-07-31
329,1,13,329,61,2025-07-31
330,2,13,330,37,2025-07-31
331,3,13,331,33,2025-07-31
332,4,13,332,36,2025-07-31
333,1,14,333,49,2025-07-31
334,2,14,334,39,2025-07-31
335,3,14,335,35,2025-07-31
336,4,14,336,52,2025-07-31
337,1,15,337,37,2025-07-31
338,2,15,338,16,2025-07-31
339,3,15,339,47,2025-07-31
340,4,15,340,55,2025-07-31
341,1,16,341,42,2025-07-31
342,2,16,342,22,2025-07-31
343,3,16,343,45,2025-07-31
344,4,16,344,35,2025-07-31
345,1,17,345,49,2025-07-31
346,2,17,346,33,2025-07-31
347,3,17,347,18,2025-07-31
348,4,17,348,40,2025-07-31
349,1,18,349,65,2025-07-31
350,2,18,350,24,2025-07-31
351,3,18,351,30,2025-07-31
352,4,18,352,36,2025-07-31
353,1,19,353,69,2025-07-31
354,2,19,354,34,2025-07-31
355,3,19,355,24,2025-07-31
356,4,19,356,22,2025-07-31
357,1,20,357,59,2025-07-31
358,2,20,358,43,2025-07-31
359,3,20,359,24,2025-07-31
360,4,20,360,48,2025-07-31
361,1,21,361,67,2025-07-31
362,2,21,362,24,2025-07-31
363,3,21,363,38,2025-07-31
364,4,21,364,27,2025-07-31
365,1,22,365,58,2025-07-31
366,2,22,366,55,2025-07-31
367,3,22,367,34,2025-07-31
368,4,22,368,29,2025-07-31
369,1,23,369,88,2025-07-31
370,2,23,370,51,2025-07-31
371,3,23,371,12,2025-07-31
372,4,23,372,38,2025-07-31
373,1,24,373,62,2025-07-31
374,2,24,374,36,2025-07-31
375,3,24,375,34,2025-07-31
376,4,24,376,29,2025-07-31
377,1,25,377,42,2025-07-31
378,2,25,378,18,2025-07-31
379,3,25,379,23,2025-07-31
380,4,25,380,67,2025-07-31
381,1,26,381,61,2025-07-31
382,2,26,382,52,2025-07-31
383,3,26,383,16,2025-07-31
384,4,26,384,30,2025-07-31
385,1,27,385,30,2025-07-31
386,2,27,386,61,2025-07-31
387,3,27,387,40,2025-07-31
388,4,27,388,31,2025-07-31
389,1,28,389,35,2025-07-31
390,2,28,390,23,2025-07-31
391,3,28,391,31,2025-07-31
392,4,28,392,34,2025-07-31
393,1,29,393,38,2025-07-31
394,2,29,394,15,2025-07-31
395,3,29,395,34,2025-07-31
396,4,29,396,54,2025-07-31
397,1,30,397,62,2025-07-31
398,2,30,398,44,2025-07-31
399,3,30,399,29,2025-07-31
400,4,30,400,26,2025-07-31
401,1,31,401,39,2025-07-31
402,2,31,402,56,2025-07-31
403,3,31,403,49,2025-07-31
404,4,31,404,58,2025-07-31
405,1,32,405,60,2025-07-31
406,2,32,406,29,2025-07-31
407,3,32,407,27,2025-07-31
408,4,32,408,48,2025-07-31
409,1,33,409,25,2025-07-31
410,2,33,410,59,2025-07-31
411,3,33,411,44,2025-07-31
412,4,33,412,46,2025-07-31
413,1,34,413,70,2025-07-31
414,2,34,414,22,2025-07-31
415,3,34,415,25,2025-07-31
416,4,34,416,44,2025-07-31
417,1,35,417,48,2025-07-31
418,2,35,418,51,2025-07-31
419,3,35,419,39,2025-07-31
420,4,35,420,55,2025-07-31
422,2,1,422,33,2025-08-01
424,4,1,424,21,2025-08-01
429,1,3,429,31,2025-08-01
430,2,3,430,19,2025-08-01
432,4,3,432,23,2025-08-01
433,1,4,433,24,2025-08-01
434,2,4,434,16,2025-08-01
438,2,5,438,24,2025-08-01
439,3,5,439,32,2025-08-01
441,1,6,441,8,2025-08-01
444,4,6,444,20,2025-08-01
445,1,7,445,30,2025-08-01
449,1,8,449,6,2025-08-01
450,2,8,450,14,2025-08-01
452,4,8,452,32,2025-08-01
453,1,9,453,19,2025-08-01
455,3,9,455,15,2025-08-01
457,1,10,457,44,2025-08-01
458,2,10,458,34,2025-08-01
459,3,10,459,32,2025-08-01
461,1,11,461,23,2025-08-01
464,4,11,464,19,2025-08-01
466,2,12,466,26,2025-08-01
467,3,12,467,4,2025-08-01
468,4,12,468,3,2025-08-01
469,1,13,469,3,2025-08-01
471,3,13,471,14,2025-08-01
473,1,14,473,66,2025-08-01
475,3,14,475,9,2025-08-01
476,4,14,476,23,2025-08-01
480,4,15,480,15,2025-08-01
481,1,16,481,33,2025-08-01
482,2,16,482,47,2025-08-01
485,1,17,485,19,2025-08-01
486,2,17,486,7,2025-08-01
488,4,17,488,57,2025-08-01
489,1,18,489,9,2025-08-01
491,3,18,491,47,2025-08-01
492,4,18,492,19,2025-08-01
493,1,19,493,4,2025-08-01
496,4,19,496,14,2025-08-01
497,1,20,497,30,2025-08-01
498,2,20,498,20,2025-08-01
501,1,21,501,23,2025-08-01
502,2,21,502,49,2025-08-01
507,3,22,507,5,2025-08-01
508,4,22,508,25,2025-08-01
510,2,23,510,19,2025-08-01
513,1,24,513,13,2025-08-01
515,3,24,515,27,2025-08-01
516,4,24,516,15,2025-08-01
525,1,27,525,12,2025-08-01
527,3,27,527,10,2025-08-01
528,4,27,528,53,2025-08-01
531,3,28,531,28,2025-08-01
533,1,29,533,33,2025-08-01
535,3,29,535,8,2025-08-01
536,4,29,536,23,2025-08-01
538,2,30,538,35,2025-08-01
539,3,30,539,13,2025-08-01
543,3,31,543,5,2025-08-01
545,1,32,545,27,2025-08-01
546,2,32,546,63,2025-08-01
547,3,32,547,18,2025-08-01
553,1,34,553,22,2025-08-01
554,2,34,554,31,2025-08-01
556,4,34,556,6,2025-08-01
557,1,35,557,78,2025-08-01
559,3,35,559,15,2025-08-01
560,4,35,560,11,2025-08-01
566,2,2,566,41,2025-08-02
570,2,3,570,50,2025-08-02
571,3,3,571,17,2025-08-02
573,1,4,573,7,2025-08-02
574,2,4,574,17,2025-08-02
576,4,4,576,64,2025-08-02
581,1,6,581,54,2025-08-02
584,4,6,584,25,2025-08-02
588,4,7,588,23,2025-08-02
590,2,8,590,34,2025-08-02
591,3,8,591,13,2025-08-02
595,3,9,595,38,2025-08-02
596,4,9,596,35,2025-08-02
597,1,10,597,1,2025-08-02
600,4,10,600,21,2025-08-02
604,4,11,604,12,2025-08-02
607,3,12,607,19,2025-08-02
608,4,12,608,48,2025-08-02
611,3,13,611,16,2025-08-02
616,4,14,616,8,2025-08-02
617,1,15,617,50,2025-08-02
620,4,15,620,13,2025-08-02
621,1,16,621,14,2025-08-02
622,2,16,622,35,2025-08-02
623,3,16,623,7,2025-08-02
624,4,16,624,26,2025-08-02
625,1,17,625,51,2025-08-02
626,2,17,626,38,2025-08-02
634,2,19,634,16,2025-08-02
636,4,19,636,6,2025-08-02
640,4,20,640,1,2025-08-02
647,3,22,647,35,2025-08-02
648,4,22,648,2,2025-08-02
650,2,23,650,15,2025-08-02
654,2,24,654,24,2025-08-02
656,4,24,656,29,2025-08-02
657,1,25,657,55,2025-08-02
660,4,25,660,17,2025-08-02
662,2,26,662,24,2025-08-02
664,4,26,664,37,2025-08-02
665,1,27,665,38,2025-08-02
667,3,27,667,45,2025-08-02
669,1,28,669,3,2025-08-02
670,2,28,670,62,2025-08-02
674,2,29,674,36,2025-08-02
678,2,30,678,3,2025-08-02
683,3,31,683,37,2025-08-02
684,4,31,684,8,2025-08-02
686,2,32,686,16,2025-08-02
692,4,33,692,5,2025-08-02
699,3,35,699,15,2025-08-02
700,4,35,700,62,2025-08-02
704,4,1,704,50,2025-08-03
707,3,2,707,1,2025-08-03
708,4,2,708,2,2025-08-03
713,1,4,713,15,2025-08-03
716,4,4,716,47,2025-08-03
730,2,8,730,29,2025-08-03
735,3,9,735,9,2025-08-03
737,1,10,737,17,2025-08-03
738,2,10,738,17,2025-08-03
739,3,10,739,31,2025-08-03
742,2,11,742,14,2025-08-03
756,4,14,756,32,2025-08-03
760,4,15,760,38,2025-08-03
761,1,16,761,36,2025-08-03
762,2,16,762,30,2025-08-03
763,3,16,763,17,2025-08-03
764,4,16,764,72,2025-08-03
766,2,17,766,35,2025-08-03
781,1,21,781,14,2025-08-03
782,2,21,782,10,2025-08-03
785,1,22,785,11,2025-08-03
791,3,23,791,12,2025-08-03
802,2,26,802,21,2025-08-03
804,4,26,804,32,2025-08-03
805,1,27,805,6,2025-08-03
813,1,29,813,31,2025-08-03
816,4,29,816,9,2025-08-03
822,2,31,822,5,2025-08-03
827,3,32,827,21,2025-08-03
832,4,33,832,39,2025-08-03
844,4,1,844,9,2025-08-04
902,2,16,902,26,2025-08-04
956,4,29,956,5,2025-08-04
1283,3,6,1283,3,2025-08-07
1423,3,6,1423,11,2025-08-08
1563,3,6,1563,10,2025-08-09
1703,3,6,1703,21,2025-08-10
1742,2,16,1742,10,2025-08-10
1882,2,16,1882,22,2025-08-11
2257,1,5,2257,11,2025-08-14
2394,2,4,2394,17,2025-08-15
2397,1,5,2397,94,2025-08-15
2404,4,6,2404,72,2025-08-15
2442,2,16,2442,14,2025-08-15
2474,2,24,2474,16,2025-08-15
2502,2,31,2502,88,2025-08-15
2522,2,1,2522,10,2025-08-16
2523,3,1,2523,2,2025-08-16
2534,2,4,2534,86,2025-08-16
2537,1,5,2537,65,2025-08-16
2543,3,6,2543,15,2025-08-16
2544,4,6,2544,32,2025-08-16
2548,4,7,2548,60,2025-08-16
2556,4,9,2556,7,2025-08-16
2562,2,11,2562,45,2025-08-16
2566,2,12,2566,11,2025-08-16
2582,2,16,2582,15,2025-08-16
2589,1,18,2589,13,2025-08-16
2597,1,20,2597,53,2025-08-16
2603,3,21,2603,59,2025-08-16
2614,2,24,2614,52,2025-08-16
2627,3,27,2627,39,2025-08-16
2630,2,28,2630,23,2025-08-16
2633,1,29,2633,64,2025-08-16
2642,2,31,2642,40,2025-08-16
2663,3,1,2663,44,2025-08-17
2674,2,4,2674,71,2025-08-17
2681,1,6,2681,47,2025-08-17
2683,3,6,2683,41,2025-08-17
2684,4,6,2684,16,2025-08-17
2685,1,7,2685,130,2025-08-17
2686,2,7,2686,18,2025-08-17
2696,4,9,2696,97,2025-08-17
2698,2,10,2698,46,2025-08-17
2702,2,11,2702,86,2025-08-17
2706,2,12,2706,60,2025-08-17
2707,3,12,2707,2,2025-08-17
2711,3,13,2711,7,2025-08-17
2722,2,16,2722,16,2025-08-17
2729,1,18,2729,93,2025-08-17
2737,1,20,2737,3,2025-08-17
2745,1,22,2745,100,2025-08-17
2754,2,24,2754,53,2025-08-17
2761,1,26,2761,24,2025-08-17
2767,3,27,2767,90,2025-08-17
2770,2,28,2770,37,2025-08-17
2773,1,29,2773,111,2025-08-17
2782,2,31,2782,34,2025-08-17
2803,3,1,2803,30,2025-08-18
2814,2,4,2814,39,2025-08-18
2823,3,6,2823,8,2025-08-18
2826,2,7,2826,41,2025-08-18
2828,4,7,2828,18,2025-08-18
2836,4,9,2836,34,2025-08-18
2846,2,12,2846,34,2025-08-18
2847,3,12,2847,33,2025-08-18
2862,2,16,2862,22,2025-08-18
2885,1,22,2885,46,2025-08-18
2903,3,26,2903,6,2025-08-18
2910,2,28,2910,16,2025-08-18
2912,4,28,2912,27,2025-08-18
2913,1,29,2913,29,2025-08-18
2916,4,29,2916,11,2025-08-18
2922,2,31,2922,3,2025-08-18
2976,4,9,2976,19,2025-08-19
2991,3,13,2991,48,2025-08-19
2994,2,14,2994,17,2025-08-19
3023,3,21,3023,7,2025-08-19
3052,4,28,3052,4,2025-08-19
3056,4,29,3056,9,2025-08-19
3062,2,31,3062,12,2025-08-19
3106,2,7,3106,2,2025-08-20
3116,4,9,3116,14,2025-08-20
3117,1,10,3117,11,2025-08-20
3121,1,11,3121,13,2025-08-20
3122,2,11,3122,36,2025-08-20
3126,2,12,3126,2,2025-08-20
3131,3,13,3131,19,2025-08-20
3137,1,15,3137,14,2025-08-20
3163,3,21,3163,41,2025-08-20
3192,4,28,3192,17,2025-08-20
3196,4,29,3196,14,2025-08-20
3222,2,1,3222,39,2025-08-21
3231,3,3,3231,32,2025-08-21
3234,2,4,3234,53,2025-08-21
3246,2,7,3246,65,2025-08-21
3255,3,9,3255,2,2025-08-21
3256,4,9,3256,64,2025-08-21
3257,1,10,3257,9,2025-08-21
3261,1,11,3261,5,2025-08-21
3262,2,11,3262,4,2025-08-21
3266,2,12,3266,53,2025-08-21
3267,3,12,3267,28,2025-08-21
3271,3,13,3271,30,2025-08-21
3277,1,15,3277,42,2025-08-21
3292,4,18,3292,52,2025-08-21
3312,4,23,3312,48,2025-08-21
3319,3,25,3319,22,2025-08-21
3323,3,26,3323,17,2025-08-21
3327,3,27,3327,30,2025-08-21
3330,2,28,3330,12,2025-08-21
3332,4,28,3332,7,2025-08-21
3336,4,29,3336,13,2025-08-21
3343,3,31,3343,74,2025-08-21
3362,2,1,3362,50,2025-08-22
3371,3,3,3371,59,2025-08-22
3372,4,3,3372,29,2025-08-22
3374,2,4,3374,36,2025-08-22
3377,1,5,3377,4,2025-08-22
3379,3,5,3379,3,2025-08-22
3381,1,6,3381,26,2025-08-22
3383,3,6,3383,21,2025-08-22
3384,4,6,3384,9,2025-08-22
3385,1,7,3385,111,2025-08-22
3386,2,7,3386,83,2025-08-22
3387,3,7,3387,22,2025-08-22
3388,4,7,3388,7,2025-08-22
3393,1,9,3393,95,2025-08-22
3395,3,9,3395,73,2025-08-22
3396,4,9,3396,57,2025-08-22
3397,1,10,3397,47,2025-08-22
3398,2,10,3398,1,2025-08-22
3400,4,10,3400,28,2025-08-22
3401,1,11,3401,25,2025-08-22
3402,2,11,3402,11,2025-08-22
3406,2,12,3406,56,2025-08-22
3407,3,12,3407,80,2025-08-22
3411,3,13,3411,44,2025-08-22
3414,2,14,3414,53,2025-08-22
3417,1,15,3417,58,2025-08-22
3418,2,15,3418,3,2025-08-22
3421,1,16,3421,16,2025-08-22
3423,3,16,3423,28,2025-08-22
3427,3,17,3427,34,2025-08-22
3428,4,17,3428,28,2025-08-22
3429,1,18,3429,14,2025-08-22
3432,4,18,3432,44,2025-08-22
3437,1,20,3437,11,2025-08-22
3459,3,25,3459,1,2025-08-22
3463,3,26,3463,14,2025-08-22
3466,2,27,3466,33,2025-08-22
3467,3,27,3467,34,2025-08-22
3470,2,28,3470,27,2025-08-22
3472,4,28,3472,70,2025-08-22
3476,4,29,3476,74,2025-08-22
3477,1,30,3477,62,2025-08-22
3483,3,31,3483,20,2025-08-22
3501,1,1,3501,67,2025-08-23
3511,3,3,3511,31,2025-08-23
3512,4,3,3512,135,2025-08-23
3514,2,4,3514,22,2025-08-23
3517,1,5,3517,39,2025-08-23
3519,3,5,3519,70,2025-08-23
3523,3,6,3523,13,2025-08-23
3524,4,6,3524,6,2025-08-23
3525,1,7,3525,14,2025-08-23
3526,2,7,3526,34,2025-08-23
3527,3,7,3527,21,2025-08-23
3528,4,7,3528,36,2025-08-23
3535,3,9,3535,8,2025-08-23
3536,4,9,3536,14,2025-08-23
3537,1,10,3537,82,2025-08-23
3538,2,10,3538,46,2025-08-23
3540,4,10,3540,23,2025-08-23
3541,1,11,3541,29,2025-08-23
3542,2,11,3542,27,2025-08-23
3546,2,12,3546,38,2025-08-23
3547,3,12,3547,20,2025-08-23
3548,4,12,3548,25,2025-08-23
3551,3,13,3551,44,2025-08-23
3554,2,14,3554,37,2025-08-23
3557,1,15,3557,8,2025-08-23
3559,3,15,3559,6,2025-08-23
3561,1,16,3561,47,2025-08-23
3562,2,16,3562,81,2025-08-23
3566,2,17,3566,34,2025-08-23
3567,3,17,3567,29,2025-08-23
3569,1,18,3569,28,2025-08-23
3577,1,20,3577,1,2025-08-23
3580,4,20,3580,24,2025-08-23
3585,1,22,3585,91,2025-08-23
3599,3,25,3599,22,2025-08-23
3601,1,26,3601,31,2025-08-23
3603,3,26,3603,26,2025-08-23
3606,2,27,3606,15,2025-08-23
3607,3,27,3607,17,2025-08-23
3610,2,28,3610,4,2025-08-23
3612,4,28,3612,27,2025-08-23
3613,1,29,3613,39,2025-08-23
3616,4,29,3616,22,2025-08-23
3617,1,30,3617,90,2025-08-23
3622,2,31,3622,20,2025-08-23
3623,3,31,3623,45,2025-08-23
3627,3,32,3627,7,2025-08-23
3632,4,33,3632,9,2025-08-23
3636,4,34,3636,43,2025-08-23
3641,1,1,3641,46,2025-08-24
3651,3,3,3651,13,2025-08-24
3654,2,4,3654,36,2025-08-24
3657,1,5,3657,60,2025-08-24
3659,3,5,3659,26,2025-08-24
3661,1,6,3661,36,2025-08-24
3664,4,6,3664,22,2025-08-24
3665,1,7,3665,53,2025-08-24
3667,3,7,3667,22,2025-08-24
3668,4,7,3668,57,2025-08-24
3669,1,8,3669,25,2025-08-24
3670,2,8,3670,24,2025-08-24
3673,1,9,3673,31,2025-08-24
3675,3,9,3675,14,2025-08-24
3676,4,9,3676,63,2025-08-24
3677,1,10,3677,20,2025-08-24
3678,2,10,3678,7,2025-08-24
3680,4,10,3680,17,2025-08-24
3681,1,11,3681,31,2025-08-24
3682,2,11,3682,29,2025-08-24
3686,2,12,3686,49,2025-08-24
3687,3,12,3687,14,2025-08-24
3688,4,12,3688,26,2025-08-24
3694,2,14,3694,54,2025-08-24
3697,1,15,3697,11,2025-08-24
3698,2,15,3698,5,2025-08-24
3701,1,16,3701,1,2025-08-24
3703,3,16,3703,28,2025-08-24
3706,2,17,3706,29,2025-08-24
3707,3,17,3707,25,2025-08-24
3708,4,17,3708,47,2025-08-24
3717,1,20,3717,1,2025-08-24
3720,4,20,3720,35,2025-08-24
3734,2,24,3734,2,2025-08-24
3740,4,25,3740,40,2025-08-24
3741,1,26,3741,73,2025-08-24
3742,2,26,3742,3,2025-08-24
3743,3,26,3743,65,2025-08-24
3747,3,27,3747,22,2025-08-24
3753,1,29,3753,15,2025-08-24
3756,4,29,3756,13,2025-08-24
3757,1,30,3757,21,2025-08-24
3763,3,31,3763,6,2025-08-24
3764,4,31,3764,5,2025-08-24
3772,4,33,3772,6,2025-08-24
3775,3,34,3775,38,2025-08-24
3776,4,34,3776,15,2025-08-24
3792,4,3,3792,8,2025-08-25
3805,1,7,3805,19,2025-08-25
3819,3,10,3819,2,2025-08-25
3821,1,11,3821,10,2025-08-25
3822,2,11,3822,24,2025-08-25
3827,3,12,3827,19,2025-08-25
3849,1,18,3849,33,2025-08-25
3851,3,18,3851,14,2025-08-25
3872,4,23,3872,4,2025-08-25
3882,2,26,3882,7,2025-08-25
3893,1,29,3893,8,2025-08-25
3904,4,31,3904,4,2025-08-25
3916,4,34,3916,4,2025-08-25
4158,2,25,4158,6,2025-08-27
4182,2,31,4182,6,2025-08-27
4196,4,34,4196,20,2025-08-27
4239,3,10,4239,11,2025-08-28
4263,3,16,4263,1,2025-08-28
4298,2,25,4298,36,2025-08-28
4315,3,29,4315,1,2025-08-28
4379,3,10,4379,57,2025-08-29
4387,3,12,4387,22,2025-08-29
4401,1,16,4401,37,2025-08-29
4403,3,16,4403,11,2025-08-29
4405,1,17,4405,33,2025-08-29
4440,4,25,4440,15,2025-08-29
4452,4,28,4452,4,2025-08-29
4454,2,29,4454,16,2025-08-29
4455,3,29,4455,15,2025-08-29
4456,4,29,4456,18,2025-08-29
4463,3,31,4463,3,2025-08-29
4464,4,31,4464,39,2025-08-29
4466,2,32,4466,2,2025-08-29
4476,4,34,4476,29,2025-08-29
4496,4,4,4496,49,2025-08-30
4507,3,7,4507,24,2025-08-30
4517,1,10,4517,5,2025-08-30
4519,3,10,4519,19,2025-08-30
4521,1,11,4521,43,2025-08-30
4527,3,12,4527,17,2025-08-30
4534,2,14,4534,41,2025-08-30
4536,4,14,4536,24,2025-08-30
4543,3,16,4543,28,2025-08-30
4545,1,17,4545,25,2025-08-30
4546,2,17,4546,1,2025-08-30
4547,3,17,4547,14,2025-08-30
4548,4,17,4548,22,2025-08-30
4557,1,20,4557,8,2025-08-30
4561,1,21,4561,32,2025-08-30
4578,2,25,4578,57,2025-08-30
4580,4,25,4580,2,2025-08-30
4583,3,26,4583,9,2025-08-30
4590,2,28,4590,2,2025-08-30
4592,4,28,4592,3,2025-08-30
4594,2,29,4594,13,2025-08-30
4595,3,29,4595,33,2025-08-30
4596,4,29,4596,59,2025-08-30
4602,2,31,4602,9,2025-08-30
4603,3,31,4603,33,2025-08-30
4604,4,31,4604,78,2025-08-30
4606,2,32,4606,27,2025-08-30
4616,4,34,4616,26,2025-08-30
4636,4,4,4636,40,2025-08-31
4641,1,6,4641,44,2025-08-31
4647,3,7,4647,27,2025-08-31
4658,2,10,4658,34,2025-08-31
4659,3,10,4659,48,2025-08-31
4660,4,10,4660,65,2025-08-31
4661,1,11,4661,66,2025-08-31
4667,3,12,4667,22,2025-08-31
4668,4,12,4668,48,2025-08-31
4674,2,14,4674,45,2025-08-31
4675,3,14,4675,22,2025-08-31
4678,2,15,4678,25,2025-08-31
4681,1,16,4681,68,2025-08-31
4682,2,16,4682,24,2025-08-31
4683,3,16,4683,32,2025-08-31
4685,1,17,4685,64,2025-08-31
4686,2,17,4686,41,2025-08-31
4687,3,17,4687,57,2025-08-31
4701,1,21,4701,34,2025-08-31
4703,3,21,4703,13,2025-08-31
4705,1,22,4705,7,2025-08-31
4717,1,25,4717,45,2025-08-31
4718,2,25,4718,43,2025-08-31
4720,4,25,4720,25,2025-08-31
4723,3,26,4723,11,2025-08-31
4727,3,27,4727,8,2025-08-31
4730,2,28,4730,88,2025-08-31
4732,4,28,4732,24,2025-08-31
4733,1,29,4733,63,2025-08-31
4734,2,29,4734,30,2025-08-31
4735,3,29,4735,20,2025-08-31
4737,1,30,4737,20,2025-08-31
4742,2,31,4742,24,2025-08-31
4744,4,31,4744,48,2025-08-31
4746,2,32,4746,24,2025-08-31
4800,4,10,4800,32,2025-09-01
4814,2,14,4814,14,2025-09-01
4843,3,21,4843,2,2025-09-01
4867,3,27,4867,6,2025-09-01
4884,4,31,4884,9,2025-09-01
4977,1,20,4977,12,2025-09-02
5297,1,30,5297,1,2025-09-04
5347,3,7,5347,13,2025-09-05
5424,4,26,5424,21,2025-09-05
5433,1,29,5433,28,2025-09-05
5437,1,30,5437,22,2025-09-05
5471,3,3,5471,32,2025-09-06
5487,3,7,5487,10,2025-09-06
5489,1,8,5489,24,2025-09-06
5515,3,14,5515,10,2025-09-06
5516,4,14,5516,43,2025-09-06
5521,1,16,5521,20,2025-09-06
5526,2,17,5526,15,2025-09-06
5527,3,17,5527,23,2025-09-06
5528,4,17,5528,1,2025-09-06
5537,1,20,5537,111,2025-09-06
5560,4,25,5560,12,2025-09-06
5564,4,26,5564,66,2025-09-06
5570,2,28,5570,15,2025-09-06
5574,2,29,5574,7,2025-09-06
5575,3,29,5575,28,2025-09-06
5577,1,30,5577,5,2025-09-06
5583,3,31,5583,5,2025-09-06
5611,3,3,5611,15,2025-09-07
5622,2,6,5622,27,2025-09-07
5627,3,7,5627,18,2025-09-07
5629,1,8,5629,9,2025-09-07
5637,1,10,5637,24,2025-09-07
5651,3,13,5651,15,2025-09-07
5655,3,14,5655,11,2025-09-07
5656,4,14,5656,26,2025-09-07
5661,1,16,5661,61,2025-09-07
5666,2,17,5666,9,2025-09-07
5668,4,17,5668,40,2025-09-07
5669,1,18,5669,13,2025-09-07
5677,1,20,5677,25,2025-09-07
5681,1,21,5681,11,2025-09-07
5685,1,22,5685,40,2025-09-07
5697,1,25,5697,3,2025-09-07
5700,4,25,5700,29,2025-09-07
5704,4,26,5704,40,2025-09-07
5710,2,28,5710,47,2025-09-07
5712,4,28,5712,22,2025-09-07
5715,3,29,5715,2,2025-09-07
5717,1,30,5717,28,2025-09-07
5769,1,8,5769,1,2025-09-08
5837,1,25,5837,33,2025-09-08
5855,3,29,5855,29,2025-09-08
5856,4,29,5856,5,2025-09-08
5891,3,3,5891,8,2025-09-09
5983,3,26,5983,5,2025-09-09
5996,4,29,5996,9,2025-09-09
6123,3,26,6123,19,2025-09-10
6216,4,14,6216,1,2025-09-11
6311,3,3,6311,13,2025-09-12
6356,4,14,6356,24,2025-09-12
6367,3,17,6367,8,2025-09-12
6377,1,20,6377,68,2025-09-12
6403,3,26,6403,19,2025-09-12
6404,4,26,6404,21,2025-09-12
6409,1,28,6409,7,2025-09-12
6467,3,7,6467,16,2025-09-13
6473,1,9,6473,36,2025-09-13
6496,4,14,6496,17,2025-09-13
6501,1,16,6501,20,2025-09-13
6503,3,16,6503,38,2025-09-13
6507,3,17,6507,9,2025-09-13
6508,4,17,6508,28,2025-09-13
6509,1,18,6509,18,2025-09-13
6517,1,20,6517,80,2025-09-13
6523,3,21,6523,15,2025-09-13
6537,1,25,6537,72,2025-09-13
6543,3,26,6543,40,2025-09-13
6549,1,28,6549,47,2025-09-13
6555,3,29,6555,27,2025-09-13
6607,3,7,6607,38,2025-09-14
6638,2,15,6638,6,2025-09-14
6641,1,16,6641,20,2025-09-14
6643,3,16,6643,35,2025-09-14
6648,4,17,6648,9,2025-09-14
6649,1,18,6649,8,2025-09-14
6659,3,20,6659,11,2025-09-14
6660,4,20,6660,51,2025-09-14
6677,1,25,6677,39,2025-09-14
6678,2,25,6678,13,2025-09-14
6680,4,25,6680,53,2025-09-14
6683,3,26,6683,12,2025-09-14
6689,1,28,6689,6,2025-09-14
6690,2,28,6690,56,2025-09-14
6695,3,29,6695,2,2025-09-14
6696,4,29,6696,19,2025-09-14
6766,2,12,6766,12,2025-09-15
6778,2,15,6778,3,2025-09-15
6783,3,16,6783,19,2025-09-15
6788,4,17,6788,30,2025-09-15
6789,1,18,6789,6,2025-09-15
6820,4,25,6820,10,2025-09-15
6823,3,26,6823,10,2025-09-15
6829,1,28,6829,9,2025-09-15
6835,3,29,6835,1,2025-09-15
6963,3,26,6963,13,2025-09-16
7100,4,25,7100,9,2025-09-17
7348,4,17,7348,4,2025-09-19
7380,4,25,7380,41,2025-09-19
7383,3,26,7383,15,2025-09-19
7387,3,27,7387,8,2025-09-19
7456,4,9,7456,30,2025-09-20
7487,3,17,7487,15,2025-09-20
7520,4,25,7520,28,2025-09-20
7552,4,33,7552,38,2025-09-20
7596,4,9,7596,28,2025-09-21
7617,1,15,7617,26,2025-09-21
7618,2,15,7618,33,2025-09-21
7627,3,17,7627,78,2025-09-21
7628,4,17,7628,3,2025-09-21
7639,3,20,7639,1,2025-09-21
7640,4,20,7640,43,2025-09-21
7643,3,21,7643,18,2025-09-21
7647,3,22,7647,1,2025-09-21
7660,4,25,7660,37,2025-09-21
7663,3,26,7663,40,2025-09-21
7667,3,27,7667,9,2025-09-21
7692,4,33,7692,40,2025-09-21
7758,2,15,7758,15,2025-09-22
7780,4,20,7780,15,2025-09-22
7807,3,27,7807,10,2025-09-22
7832,4,33,7832,8,2025-09-22
7920,4,20,7920,17,2025-09-23
8060,4,20,8060,19,2025-09-24
8177,1,15,8177,5,2025-09-25
8243,3,31,8243,9,2025-09-25
8252,4,33,8252,6,2025-09-25
8317,1,15,8317,30,2025-09-26
8383,3,31,8383,48,2025-09-26
8433,1,9,8433,4,2025-09-27
8436,4,9,8436,5,2025-09-27
8450,2,13,8450,21,2025-09-27
8457,1,15,8457,30,2025-09-27
8466,2,17,8466,7,2025-09-27
8500,4,25,8500,11,2025-09-27
8501,1,26,8501,91,2025-09-27
8507,3,27,8507,3,2025-09-27
8523,3,31,8523,31,2025-09-27
8532,4,33,8532,32,2025-09-27
8573,1,9,8573,22,2025-09-28
8577,1,10,8577,36,2025-09-28
8588,4,12,8588,14,2025-09-28
8590,2,13,8590,6,2025-09-28
8597,1,15,8597,57,2025-09-28
8598,2,15,8598,2,2025-09-28
8603,3,16,8603,1,2025-09-28
8605,1,17,8605,44,2025-09-28
8606,2,17,8606,28,2025-09-28
8620,4,20,8620,2,2025-09-28
8621,1,21,8621,33,2025-09-28
8625,1,22,8625,24,2025-09-28
8627,3,22,8627,26,2025-09-28
8637,1,25,8637,44,2025-09-28
8640,4,25,8640,39,2025-09-28
8641,1,26,8641,4,2025-09-28
8663,3,31,8663,3,2025-09-28
8736,4,14,8736,4,2025-09-29
8745,1,17,8745,4,2025-09-29
8760,4,20,8760,15,2025-09-29
8767,3,22,8767,3,2025-09-29
8803,3,31,8803,9,2025-09-29
9040,4,20,9040,15,2025-10-01
9268,4,7,9268,11,2025-10-03
9269,1,8,9269,21,2025-10-03
9327,3,22,9327,12,2025-10-03
9372,4,33,9372,30,2025-10-03
9403,3,6,9403,15,2025-10-04
9408,4,7,9408,39,2025-10-04
9409,1,8,9409,94,2025-10-04
9417,1,10,9417,43,2025-10-04
9430,2,13,9430,6,2025-10-04
9467,3,22,9467,31,2025-10-04
9487,3,27,9487,11,2025-10-04
9510,2,33,9510,7,2025-10-04
9512,4,33,9512,43,2025-10-04
9548,4,7,9548,41,2025-10-05
9549,1,8,9549,21,2025-10-05
9570,2,13,9570,58,2025-10-05
9581,1,16,9581,22,2025-10-05
9597,1,20,9597,42,2025-10-05
9605,1,22,9605,55,2025-10-05
9607,3,22,9607,29,2025-10-05
9627,3,27,9627,9,2025-10-05
9643,3,31,9643,1,2025-10-05
9652,4,33,9652,64,2025-10-05
9718,2,15,9718,30,2025-10-06
9720,4,15,9720,6,2025-10-06
9750,2,23,9750,11,2025-10-06
9783,3,31,9783,17,2025-10-06
10418,2,15,10418,40,2025-10-11
10447,3,22,10447,3,2025-10-11
10558,2,15,10558,6,2025-10-12
12405,1,22,12405,68,2025-10-25
12410,2,23,12410,53,2025-10-25
12518,2,15,12518,35,2025-10-26
12545,1,22,12545,56,2025-10-26
12584,4,31,12584,26,2025-10-26
12658,2,15,12658,14,2025-10-27
13302,2,1,13302,7,2025-11-01
13390,2,23,13390,75,2025-11-01
13424,4,31,13424,28,2025-11-01
13442,2,1,13442,10,2025-11-02
13530,2,23,13530,8,2025-11-02
13564,4,31,13564,23,2025-11-02
13984,4,31,13984,23,2025-11-05
14264,4,31,14264,46,2025-11-07
14271,3,33,14271,79,2025-11-07
14305,1,7,14305,79,2025-11-08
14370,2,23,14370,16,2025-11-08
14404,4,31,14404,60,2025-11-08
14411,3,33,14411,34,2025-11-08
14445,1,7,14445,59,2025-11-09
14471,3,13,14471,33,2025-11-09
14481,1,16,14481,55,2025-11-09
14488,4,17,14488,14,2025-11-09
14510,2,23,14510,1,2025-11-09
14543,3,31,14543,11,2025-11-09
14544,4,31,14544,66,2025-11-09
14550,2,33,14550,15,2025-11-09
14639,3,20,14639,29,2025-11-10
14650,2,23,14650,55,2025-11-10
14691,3,33,14691,19,2025-11-10
14768,4,17,14768,19,2025-11-11
14779,3,20,14779,15,2025-11-11
14803,3,26,14803,19,2025-11-11
14908,4,17,14908,12,2025-11-12
14919,3,20,14919,18,2025-11-12
14964,4,31,14964,29,2025-11-12
14971,3,33,14971,13,2025-11-12
15041,1,16,15041,3,2025-11-13
15048,4,17,15048,39,2025-11-13
15104,4,31,15104,22,2025-11-13
15122,2,1,15122,33,2025-11-14
15157,1,10,15157,41,2025-11-14
15181,1,16,15181,86,2025-11-14
15188,4,17,15188,5,2025-11-14
15199,3,20,15199,22,2025-11-14
15201,1,21,15201,34,2025-11-14
15244,4,31,15244,48,2025-11-14
15251,3,33,15251,50,2025-11-14
15262,2,1,15262,78,2025-11-15
15285,1,7,15285,50,2025-11-15
15296,4,9,15296,2,2025-11-15
15297,1,10,15297,38,2025-11-15
15311,3,13,15311,10,2025-11-15
15321,1,16,15321,36,2025-11-15
15328,4,17,15328,104,2025-11-15
15339,3,20,15339,34,2025-11-15
15341,1,21,15341,54,2025-11-15
15345,1,22,15345,39,2025-11-15
15350,2,23,15350,19,2025-11-15
15358,2,25,15358,11,2025-11-15
15362,2,26,15362,26,2025-11-15
15363,3,26,15363,19,2025-11-15
15367,3,27,15367,41,2025-11-15
15379,3,30,15379,9,2025-11-15
15384,4,31,15384,63,2025-11-15
15391,3,33,15391,23,2025-11-15
15436,4,9,15436,8,2025-11-16
15451,3,13,15451,23,2025-11-16
15481,1,21,15481,26,2025-11-16
15502,2,26,15502,21,2025-11-16
15507,3,27,15507,7,2025-11-16
15516,4,29,15516,3,2025-11-16
15519,3,30,15519,52,2025-11-16
15531,3,33,15531,25,2025-11-16
15576,4,9,15576,2,2025-11-17
15649,1,28,15649,12,2025-11-17
15962,2,1,15962,27,2025-11-20
16090,2,33,16090,11,2025-11-20
16102,2,1,16102,10,2025-11-21
16216,4,29,16216,7,2025-11-21
16230,2,33,16230,37,2025-11-21
16242,2,1,16242,26,2025-11-22
16261,1,6,16261,27,2025-11-22
16265,1,7,16265,7,2025-11-22
16356,4,29,16356,42,2025-11-22
16370,2,33,16370,16,2025-11-22
16382,2,1,16382,22,2025-11-23
16405,1,7,16405,33,2025-11-23
16416,4,9,16416,5,2025-11-23
16421,1,11,16421,29,2025-11-23
16431,3,13,16431,9,2025-11-23
16465,1,22,16465,5,2025-11-23
16467,3,22,16467,11,2025-11-23
16496,4,29,16496,13,2025-11-23
16607,3,22,16607,5,2025-11-24
16622,2,26,16622,11,2025-11-24
16701,1,11,16701,21,2025-11-25
17166,2,22,17166,2,2025-11-28
17178,2,25,17178,15,2025-11-28
17182,2,26,17182,2,2025-11-28
17189,1,28,17189,30,2025-11-28
17245,1,7,17245,42,2025-11-29
17261,1,11,17261,9,2025-11-29
17284,4,16,17284,10,2025-11-29
17297,1,20,17297,6,2025-11-29
17305,1,22,17305,10,2025-11-29
17306,2,22,17306,26,2025-11-29
17318,2,25,17318,3,2025-11-29
17322,2,26,17322,44,2025-11-29
17329,1,28,17329,66,2025-11-29
17385,1,7,17385,24,2025-11-30
17410,2,13,17410,16,2025-11-30
17424,4,16,17424,7,2025-11-30
17437,1,20,17437,47,2025-11-30
17445,1,22,17445,31,2025-11-30
17446,2,22,17446,18,2025-11-30
17450,2,23,17450,32,2025-11-30
17458,2,25,17458,45,2025-11-30
17462,2,26,17462,16,2025-11-30
17469,1,28,17469,82,2025-11-30
17525,1,7,17525,4,2025-12-01
17577,1,20,17577,4,2025-12-01
17590,2,23,17590,15,2025-12-01
17730,2,23,17730,5,2025-12-02
17896,4,29,17896,10,2025-12-03
18109,1,13,18109,3,2025-12-05
18227,3,7,18227,40,2025-12-06
18309,1,28,18309,103,2025-12-06
18367,3,7,18367,39,2025-12-07
18417,1,20,18417,44,2025-12-07
18425,1,22,18425,23,2025-12-07
18432,4,23,18432,10,2025-12-07
18449,1,28,18449,5,2025-12-07
19450,2,33,19450,33,2025-12-14
20250,2,23,20250,8,2025-12-20
20322,2,6,20322,28,2025-12-21
20382,2,21,20382,22,2025-12-21
20390,2,23,20390,39,2025-12-21
20416,4,29,20416,21,2025-12-21
20462,2,6,20462,4,2025-12-22
20496,4,14,20496,8,2025-12-22
20522,2,21,20522,8,2025-12-22
20556,4,29,20556,54,2025-12-22
20742,2,6,20742,10,2025-12-24
20882,2,6,20882,14,2025-12-25
20896,4,9,20896,18,2025-12-25
21036,4,9,21036,2,2025-12-26
21041,1,11,21041,10,2025-12-26
21058,2,15,21058,47,2025-12-26
21137,1,35,21137,73,2025-12-26
21162,2,6,21162,15,2025-12-27
21167,3,7,21167,7,2025-12-27
21176,4,9,21176,91,2025-12-27
21181,1,11,21181,103,2025-12-27
21198,2,15,21198,10,2025-12-27
21207,3,17,21207,21,2025-12-27
21222,2,21,21222,60,2025-12-27
21230,2,23,21230,50,2025-12-27
21249,1,28,21249,164,2025-12-27
21277,1,35,21277,3,2025-12-27
21302,2,6,21302,18,2025-12-28
21307,3,7,21307,24,2025-12-28
21316,4,9,21316,22,2025-12-28
21321,1,11,21321,37,2025-12-28
21338,2,15,21338,40,2025-12-28
21347,3,17,21347,36,2025-12-28
21349,1,18,21349,43,2025-12-28
21362,2,21,21362,37,2025-12-28
21365,1,22,21365,44,2025-12-28
21370,2,23,21370,48,2025-12-28
21389,1,28,21389,95,2025-12-28
21396,4,29,21396,36,2025-12-28
21403,3,31,21403,15,2025-12-28
21410,2,33,21410,101,2025-12-28
21478,2,15,21478,14,2025-12-29
21487,3,17,21487,7,2025-12-29
21489,1,18,21489,28,2025-12-29
21502,2,21,21502,20,2025-12-29
21529,1,28,21529,84,2025-12-29
21536,4,29,21536,23,2025-12-29
21543,3,31,21543,11,2025-12-29
21550,2,33,21550,15,2025-12-29
21637,1,20,21637,18,2025-12-30
21650,2,23,21650,21,2025-12-30
21683,3,31,21683,24,2025-12-30
21690,2,33,21690,3,2025-12-30
21767,3,17,21767,5,2025-12-31
21785,1,22,21785,14,2025-12-31
21790,2,23,21790,30,2025-12-31
21823,3,31,21823,8,2025-12-31
21907,3,17,21907,8,2026-01-01
21930,2,23,21930,18,2026-01-01
21963,3,31,21963,5,2026-01-01
21970,2,33,21970,20,2026-01-01
22047,3,17,22047,33,2026-01-02
22057,1,20,22057,30,2026-01-02
22070,2,23,22070,10,2026-01-02
22103,3,31,22103,13,2026-01-02
22161,1,11,22161,17,2026-01-03
22178,2,15,22178,3,2026-01-03
22187,3,17,22187,16,2026-01-03
22197,1,20,22197,20,2026-01-03
22205,1,22,22205,53,2026-01-03
22210,2,23,22210,29,2026-01-03
22243,3,31,22243,6,2026-01-03
22250,2,33,22250,13,2026-01-03
22287,3,7,22287,39,2026-01-04
22318,2,15,22318,36,2026-01-04
22327,3,17,22327,5,2026-01-04
22337,1,20,22337,37,2026-01-04
22342,2,21,22342,2,2026-01-04
22345,1,22,22345,19,2026-01-04
22383,3,31,22383,44,2026-01-04
22390,2,33,22390,30,2026-01-04
22427,3,7,22427,6,2026-01-05
22530,2,33,22530,5,2026-01-05
22537,1,35,22537,8,2026-01-05
22617,1,20,22617,6,2026-01-06
22670,2,33,22670,14,2026-01-06
22810,2,33,22810,19,2026-01-07
22877,1,15,22877,10,2026-01-08
22897,1,20,22897,6,2026-01-08
22950,2,33,22950,12,2026-01-08
23017,1,15,23017,38,2026-01-09
23037,1,20,23037,12,2026-01-09
23177,1,20,23177,55,2026-01-10
23226,2,32,23226,15,2026-01-10
23230,2,33,23230,32,2026-01-10
23261,1,6,23261,25,2026-01-11
23263,3,6,23263,6,2026-01-11
23277,1,10,23277,64,2026-01-11
23281,1,11,23281,47,2026-01-11
23291,3,13,23291,1,2026-01-11
23297,1,15,23297,13,2026-01-11
23298,2,15,23298,9,2026-01-11
23315,3,19,23315,2,2026-01-11
23317,1,20,23317,12,2026-01-11
23322,2,21,23322,1,2026-01-11
23325,1,22,23325,38,2026-01-11
23370,2,33,23370,22,2026-01-11
23417,1,10,23417,11,2026-01-12
23465,1,22,23465,23,2026-01-12
23510,2,33,23510,6,2026-01-12
23556,4,9,23556,4,2026-01-13
23557,1,10,23557,9,2026-01-13
23858,2,15,23858,7,2026-01-15
23977,1,10,23977,1,2026-01-16
23998,2,15,23998,34,2026-01-16
24070,2,33,24070,25,2026-01-16
24116,4,9,24116,48,2026-01-17
24138,2,15,24138,4,2026-01-17
24162,2,21,24162,37,2026-01-17
24165,1,22,24165,21,2026-01-17
24189,1,28,24189,4,2026-01-17
24196,4,29,24196,10,2026-01-17
24210,2,33,24210,81,2026-01-17
24217,1,35,24217,10,2026-01-17
24257,1,10,24257,53,2026-01-18
24278,2,15,24278,29,2026-01-18
24295,3,19,24295,33,2026-01-18
24301,1,21,24301,4,2026-01-18
24302,2,21,24302,13,2026-01-18
24305,1,22,24305,14,2026-01-18
24336,4,29,24336,40,2026-01-18
24346,2,32,24346,6,2026-01-18
24357,1,35,24357,25,2026-01-18
24418,2,15,24418,11,2026-01-19
24445,1,22,24445,6,2026-01-19
25046,2,32,25046,7,2026-01-23
25118,2,15,25118,18,2026-01-24
25135,3,19,25135,9,2026-01-24
25169,1,28,25169,12,2026-01-24
25186,2,32,25186,6,2026-01-24
25227,3,7,25227,1,2026-01-25
25251,3,13,25251,23,2026-01-25
25258,2,15,25258,8,2026-01-25
25326,2,32,25326,22,2026-01-25
25391,3,13,25391,23,2026-01-26
25425,1,22,25425,41,2026-01-26
25565,1,22,25565,5,2026-01-27
25736,4,29,25736,23,2026-01-28
25876,4,29,25876,1,2026-01-29
26016,4,29,26016,31,2026-01-30
26125,1,22,26125,21,2026-01-31
28178,2,10,28178,62,2026-02-15
28217,1,20,28217,142,2026-02-15
28230,2,23,28230,18,2026-02-15
28238,2,25,28238,45,2026-02-15
28242,2,26,28242,40,2026-02-15
28318,2,10,28318,35,2026-02-16
28357,1,20,28357,81,2026-02-16
28370,2,23,28370,1,2026-02-16
28382,2,26,28382,10,2026-02-16
28458,2,10,28458,1,2026-02-17
28497,1,20,28497,26,2026-02-17
28522,2,26,28522,7,2026-02-17
28529,1,28,28529,38,2026-02-17
28543,3,31,28543,29,2026-02-17
28598,2,10,28598,4,2026-02-18
28738,2,10,28738,10,2026-02-19
28802,2,26,28802,13,2026-02-19
28823,3,31,28823,16,2026-02-19
28827,3,32,28827,14,2026-02-19
28840,4,35,28840,1,2026-02-19
28878,2,10,28878,33,2026-02-20
28942,2,26,28942,25,2026-02-20
28949,1,28,28949,10,2026-02-20
28980,4,35,28980,34,2026-02-20
29082,2,26,29082,13,2026-02-21
29086,2,27,29086,27,2026-02-21
29089,1,28,29089,74,2026-02-21
29103,3,31,29103,12,2026-02-21
29107,3,32,29107,18,2026-02-21
29120,4,35,29120,16,2026-02-21
29148,4,7,29148,23,2026-02-22
29158,2,10,29158,15,2026-02-22
29222,2,26,29222,23,2026-02-22
29229,1,28,29229,6,2026-02-22
29247,3,32,29247,13,2026-02-22
29260,4,35,29260,30,2026-02-22
29871,3,13,29871,27,2026-02-27
30037,1,20,30037,34,2026-02-28
30066,2,27,30066,19,2026-02-28
30138,2,10,30138,38,2026-03-01
30177,1,20,30177,90,2026-03-01
30198,2,25,30198,30,2026-03-01
30223,3,31,30223,13,2026-03-01
30226,2,32,30226,64,2026-03-01
30317,1,20,30317,34,2026-03-02
30418,2,10,30418,1,2026-03-03
30457,1,20,30457,10,2026-03-03
30506,2,32,30506,19,2026-03-03
30646,2,32,30646,1,2026-03-04
30758,2,25,30758,32,2026-03-05
30786,2,32,30786,26,2026-03-05
30976,4,9,30976,17,2026-03-07
30978,2,10,30978,33,2026-03-07
31032,4,23,31032,12,2026-03-07
31038,2,25,31038,21,2026-03-07
31066,2,32,31066,4,2026-03-07
31116,4,9,31116,14,2026-03-08
31118,2,10,31118,11,2026-03-08
31131,3,13,31131,27,2026-03-08
31134,2,14,31134,34,2026-03-08
31172,4,23,31172,32,2026-03-08
31203,3,31,31203,15,2026-03-08
31206,2,32,31206,2,2026-03-08
31271,3,13,31271,5,2026-03-09
31346,2,32,31346,6,2026-03-09
31810,2,8,31810,8,2026-03-13
34765,1,12,34765,46,2026-04-03
34777,1,15,34777,5,2026-04-03
34795,3,19,34795,59,2026-04-03
34905,1,12,34905,58,2026-04-04
34917,1,15,34917,105,2026-04-04
34935,3,19,34935,96,2026-04-04
34946,2,22,34946,69,2026-04-04
34967,3,27,34967,12,2026-04-04
35035,3,9,35035,6,2026-04-05
35045,1,12,35045,19,2026-04-05
35086,2,22,35086,19,2026-04-05
35107,3,27,35107,17,2026-04-05
35116,4,29,35116,2,2026-04-05
35140,4,35,35140,34,2026-04-05
35163,3,6,35163,5,2026-04-06
37963,3,6,37963,19,2026-04-26
38803,3,6,38803,6,2026-05-02
38943,3,6,38943,44,2026-05-03
39083,3,6,39083,16,2026-05-04
39595,3,29,39595,17,2026-05-07
39642,2,6,39642,91,2026-05-08
39726,2,27,39726,72,2026-05-08
39735,3,29,39735,16,2026-05-08
39782,2,6,39782,4,2026-05-09
39783,3,6,39783,50,2026-05-09
39866,2,27,39866,68,2026-05-09
39875,3,29,39875,50,2026-05-09
39922,2,6,39922,42,2026-05-10
39923,3,6,39923,62,2026-05-10
39986,2,22,39986,4,2026-05-10
40006,2,27,40006,63,2026-05-10
40015,3,29,40015,36,2026-05-10
40052,4,3,40052,12,2026-05-11
40080,4,10,40080,7,2026-05-11
40126,2,22,40126,1,2026-05-11
40286,2,27,40286,36,2026-05-12
40426,2,27,40426,8,2026-05-13
40472,4,3,40472,15,2026-05-14
40546,2,22,40546,26,2026-05-14
40612,4,3,40612,15,2026-05-15
40706,2,27,40706,5,2026-05-15
40715,3,29,40715,14,2026-05-15
40737,1,35,40737,37,2026-05-15
40752,4,3,40752,20,2026-05-16
40762,2,6,40762,5,2026-05-16
40763,3,6,40763,9,2026-05-16
40814,2,19,40814,16,2026-05-16
40816,4,19,40816,2,2026-05-16
40846,2,27,40846,15,2026-05-16
40855,3,29,40855,25,2026-05-16
40877,1,35,40877,55,2026-05-16
40892,4,3,40892,31,2026-05-17
40902,2,6,40902,23,2026-05-17
40954,2,19,40954,6,2026-05-17
40956,4,19,40956,27,2026-05-17
40986,2,27,40986,21,2026-05-17
40995,3,29,40995,6,2026-05-17
41017,1,35,41017,9,2026-05-17
41020,4,35,41020,49,2026-05-17
41032,4,3,41032,11,2026-05-18
41135,3,29,41135,2,2026-05-18
41157,1,35,41157,3,2026-05-18
41440,4,35,41440,25,2026-05-20
41580,4,35,41580,8,2026-05-21
41654,2,19,41654,8,2026-05-22
41794,2,19,41794,41,2026-05-23
41857,1,35,41857,19,2026-05-23
41882,2,6,41882,1,2026-05-24
41910,2,13,41910,7,2026-05-24
41936,4,19,41936,33,2026-05-24
41975,3,29,41975,13,2026-05-24
41997,1,35,41997,34,2026-05-24
42000,4,35,42000,39,2026-05-24
42772,4,18,42772,36,2026-05-30
42774,2,19,42774,9,2026-05-30
42890,2,13,42890,16,2026-05-31
42912,4,18,42912,54,2026-05-31
42914,2,19,42914,16,2026-05-31
42916,4,19,42916,62,2026-05-31
42955,3,29,42955,5,2026-05-31
43095,3,29,43095,1,2026-06-01
43795,3,29,43795,8,2026-06-06
43935,3,29,43935,24,2026-06-07
44682,2,6,44682,4,2026-06-13
44812,4,3,44812,19,2026-06-14
44822,2,6,44822,61,2026-06-14
44915,3,29,44915,7,2026-06-14
45055,3,29,45055,4,2026-06-15
45802,2,6,45802,43,2026-06-21
45811,3,8,45811,12,2026-06-21
45951,3,8,45951,9,2026-06-22
46511,3,8,46511,3,2026-06-26
46651,3,8,46651,8,2026-06-27
47771,3,8,47771,24,2026-07-05
47911,3,8,47911,8,2026-07-06
48006,2,32,48006,4,2026-07-06
48191,3,8,48191,17,2026-07-08
48471,3,8,48471,1,2026-07-10
48611,3,8,48611,19,2026-07-11
48706,2,32,48706,12,2026-07-11
48751,3,8,48751,14,2026-07-12
48860,4,35,48860,6,2026-07-12
48986,2,32,48986,11,2026-07-13
49126,2,32,49126,13,2026-07-14
49635,3,19,49635,5,2026-07-18
49700,4,35,49700,39,2026-07-18
49775,3,19,49775,20,2026-07-19
49826,2,32,49826,41,2026-07-19
49840,4,35,49840,22,2026-07-19
49915,3,19,49915,5,2026-07-20
50562,2,6,50562,17,2026-07-25
50580,4,10,50580,72,2026-07-25
50702,2,6,50702,25,2026-07-26
50842,2,6,50842,28,2026-07-27
51402,2,6,51402,6,2026-07-31
51542,2,6,51542,58,2026-08-01
51682,2,6,51682,33,2026-08-02
51822,2,6,51822,22,2026-08-03
51840,4,10,51840,7,2026-08-03
51859,3,15,51859,9,2026-08-03
51962,2,6,51962,18,2026-08-04
51980,4,10,51980,79,2026-08-04
51999,3,15,51999,13,2026-08-04
52102,2,6,52102,46,2026-08-05
52105,1,7,52105,43,2026-08-05
52120,4,10,52120,46,2026-08-05
52139,3,15,52139,17,2026-08-05
52198,2,30,52198,14,2026-08-05
52206,2,32,52206,10,2026-08-05
52207,3,32,52207,17,2026-08-05
52240,4,5,52240,26,2026-08-06
52242,2,6,52242,52,2026-08-06
52245,1,7,52245,56,2026-08-06
52260,4,10,52260,44,2026-08-06
52279,3,15,52279,36,2026-08-06
52289,1,18,52289,28,2026-08-06
52290,2,18,52290,2,2026-08-06
52326,2,27,52326,4,2026-08-06
52338,2,30,52338,38,2026-08-06
52346,2,32,52346,28,2026-08-06
52347,3,32,52347,30,2026-08-06
52360,4,35,52360,12,2026-08-06
52374,2,4,52374,24,2026-08-07
52380,4,5,52380,63,2026-08-07
52382,2,6,52382,30,2026-08-07
52385,1,7,52385,40,2026-08-07
52398,2,10,52398,27,2026-08-07
52400,4,10,52400,35,2026-08-07
52419,3,15,52419,24,2026-08-07
52429,1,18,52429,27,2026-08-07
52430,2,18,52430,73,2026-08-07
52440,4,20,52440,29,2026-08-07
52466,2,27,52466,29,2026-08-07
52478,2,30,52478,50,2026-08-07
52486,2,32,52486,82,2026-08-07
52487,3,32,52487,33,2026-08-07
52496,4,34,52496,31,2026-08-07
52500,4,35,52500,48,2026-08-07
52505,1,2,52505,87,2026-08-08
52511,3,3,52511,3,2026-08-08
52514,2,4,52514,66,2026-08-08
52518,2,5,52518,32,2026-08-08
52520,4,5,52520,100,2026-08-08
52522,2,6,52522,61,2026-08-08
52525,1,7,52525,97,2026-08-08
52526,2,7,52526,8,2026-08-08
52531,3,8,52531,39,2026-08-08
52532,4,8,52532,17,2026-08-08
52536,4,9,52536,2,2026-08-08
52538,2,10,52538,80,2026-08-08
52540,4,10,52540,53,2026-08-08
52547,3,12,52547,26,2026-08-08
52549,1,13,52549,17,2026-08-08
52552,4,13,52552,52,2026-08-08
52559,3,15,52559,46,2026-08-08
52563,3,16,52563,17,2026-08-08
52568,4,17,52568,20,2026-08-08
52569,1,18,52569,54,2026-08-08
52570,2,18,52570,87,2026-08-08
52580,4,20,52580,51,2026-08-08
52586,2,22,52586,77,2026-08-08
52596,4,24,52596,31,2026-08-08
52605,1,27,52605,60,2026-08-08
52606,2,27,52606,65,2026-08-08
52618,2,30,52618,110,2026-08-08
52626,2,32,52626,70,2026-08-08
52627,3,32,52627,34,2026-08-08
52628,4,32,52628,52,2026-08-08
52634,2,34,52634,41,2026-08-08
52636,4,34,52636,53,2026-08-08
52638,2,35,52638,8,2026-08-08
52640,4,35,52640,34,2026-08-08
52645,1,2,52645,80,2026-08-09
52648,4,2,52648,9,2026-08-09
52651,3,3,52651,89,2026-08-09
52654,2,4,52654,42,2026-08-09
52658,2,5,52658,32,2026-08-09
52660,4,5,52660,52,2026-08-09
52662,2,6,52662,46,2026-08-09
52663,3,6,52663,29,2026-08-09
52665,1,7,52665,84,2026-08-09
52666,2,7,52666,32,2026-08-09
52671,3,8,52671,27,2026-08-09
52672,4,8,52672,67,2026-08-09
52675,3,9,52675,9,2026-08-09
52676,4,9,52676,108,2026-08-09
52678,2,10,52678,73,2026-08-09
52680,4,10,52680,70,2026-08-09
52681,1,11,52681,53,2026-08-09
52682,2,11,52682,21,2026-08-09
52687,3,12,52687,40,2026-08-09
52689,1,13,52689,93,2026-08-09
52692,4,13,52692,90,2026-08-09
52695,3,14,52695,75,2026-08-09
52697,1,15,52697,55,2026-08-09
52699,3,15,52699,35,2026-08-09
52703,3,16,52703,31,2026-08-09
52705,1,17,52705,35,2026-08-09
52708,4,17,52708,44,2026-08-09
52709,1,18,52709,123,2026-08-09
52710,2,18,52710,69,2026-08-09
52712,4,18,52712,118,2026-08-09
52714,2,19,52714,79,2026-08-09
52715,3,19,52715,24,2026-08-09
52719,3,20,52719,44,2026-08-09
52720,4,20,52720,90,2026-08-09
52726,2,22,52726,48,2026-08-09
52730,2,23,52730,36,2026-08-09
52736,4,24,52736,140,2026-08-09
52745,1,27,52745,69,2026-08-09
52746,2,27,52746,82,2026-08-09
52751,3,28,52751,27,2026-08-09
52753,1,29,52753,101,2026-08-09
52755,3,29,52755,29,2026-08-09
52756,4,29,52756,99,2026-08-09
52758,2,30,52758,62,2026-08-09
52766,2,32,52766,45,2026-08-09
52767,3,32,52767,42,2026-08-09
52768,4,32,52768,75,2026-08-09
52774,2,34,52774,82,2026-08-09
52776,4,34,52776,37,2026-08-09
52778,2,35,52778,50,2026-08-09
52779,3,35,52779,31,2026-08-09
52780,4,35,52780,59,2026-08-09
52781,1,1,52781,1,2026-08-10
52784,4,1,52784,19,2026-08-10
52785,1,2,52785,43,2026-08-10
52788,4,2,52788,47,2026-08-10
52791,3,3,52791,20,2026-08-10
52794,2,4,52794,40,2026-08-10
52795,3,4,52795,2,2026-08-10
52797,1,5,52797,53,2026-08-10
52798,2,5,52798,22,2026-08-10
52800,4,5,52800,32,2026-08-10
52801,1,6,52801,34,2026-08-10
52802,2,6,52802,30,2026-08-10
52803,3,6,52803,29,2026-08-10
52805,1,7,52805,64,2026-08-10
52806,2,7,52806,26,2026-08-10
52811,3,8,52811,26,2026-08-10
52812,4,8,52812,73,2026-08-10
52815,3,9,52815,35,2026-08-10
52816,4,9,52816,30,2026-08-10
52818,2,10,52818,20,2026-08-10
52820,4,10,52820,66,2026-08-10
52821,1,11,52821,58,2026-08-10
52822,2,11,52822,52,2026-08-10
52827,3,12,52827,8,2026-08-10
52829,1,13,52829,28,2026-08-10
52832,4,13,52832,42,2026-08-10
52834,2,14,52834,13,2026-08-10
52835,3,14,52835,28,2026-08-10
52837,1,15,52837,87,2026-08-10
52838,2,15,52838,22,2026-08-10
52839,3,15,52839,54,2026-08-10
52840,4,15,52840,10,2026-08-10
52843,3,16,52843,37,2026-08-10
52845,1,17,52845,39,2026-08-10
52848,4,17,52848,52,2026-08-10
52849,1,18,52849,38,2026-08-10
52850,2,18,52850,62,2026-08-10
52852,4,18,52852,48,2026-08-10
52854,2,19,52854,21,2026-08-10
52855,3,19,52855,44,2026-08-10
52859,3,20,52859,30,2026-08-10
52860,4,20,52860,47,2026-08-10
52866,2,22,52866,56,2026-08-10
52870,2,23,52870,37,2026-08-10
52872,4,23,52872,32,2026-08-10
52873,1,24,52873,9,2026-08-10
52876,4,24,52876,36,2026-08-10
52877,1,25,52877,54,2026-08-10
52884,4,26,52884,7,2026-08-10
52885,1,27,52885,64,2026-08-10
52886,2,27,52886,74,2026-08-10
52891,3,28,52891,25,2026-08-10
52893,1,29,52893,90,2026-08-10
52894,2,29,52894,14,2026-08-10
52895,3,29,52895,22,2026-08-10
52896,4,29,52896,40,2026-08-10
52897,1,30,52897,21,2026-08-10
52898,2,30,52898,21,2026-08-10
52899,3,30,52899,3,2026-08-10
52900,4,30,52900,9,2026-08-10
52906,2,32,52906,44,2026-08-10
52907,3,32,52907,30,2026-08-10
52908,4,32,52908,42,2026-08-10
52911,3,33,52911,36,2026-08-10
52912,4,33,52912,17,2026-08-10
52914,2,34,52914,30,2026-08-10
52916,4,34,52916,39,2026-08-10
52918,2,35,52918,25,2026-08-10
52919,3,35,52919,21,2026-08-10
52920,4,35,52920,22,2026-08-10
52921,1,1,52921,36,2026-08-11
52924,4,1,52924,47,2026-08-11
52925,1,2,52925,43,2026-08-11
52927,3,2,52927,27,2026-08-11
52928,4,2,52928,30,2026-08-11
52929,1,3,52929,51,2026-08-11
52931,3,3,52931,34,2026-08-11
52934,2,4,52934,17,2026-08-11
52935,3,4,52935,29,2026-08-11
52936,4,4,52936,51,2026-08-11
52937,1,5,52937,45,2026-08-11
52938,2,5,52938,33,2026-08-11
52940,4,5,52940,31,2026-08-11
52941,1,6,52941,58,2026-08-11
52942,2,6,52942,32,2026-08-11
52943,3,6,52943,24,2026-08-11
52945,1,7,52945,41,2026-08-11
52946,2,7,52946,31,2026-08-11
52951,3,8,52951,25,2026-08-11
52952,4,8,52952,49,2026-08-11
52954,2,9,52954,7,2026-08-11
52955,3,9,52955,28,2026-08-11
52956,4,9,52956,31,2026-08-11
52958,2,10,52958,46,2026-08-11
52960,4,10,52960,36,2026-08-11
52961,1,11,52961,33,2026-08-11
52962,2,11,52962,32,2026-08-11
52963,3,11,52963,7,2026-08-11
52966,2,12,52966,3,2026-08-11
52967,3,12,52967,33,2026-08-11
52969,1,13,52969,28,2026-08-11
52972,4,13,52972,49,2026-08-11
52974,2,14,52974,25,2026-08-11
52975,3,14,52975,15,2026-08-11
52977,1,15,52977,59,2026-08-11
52978,2,15,52978,28,2026-08-11
52979,3,15,52979,27,2026-08-11
52980,4,15,52980,71,2026-08-11
52983,3,16,52983,30,2026-08-11
52985,1,17,52985,44,2026-08-11
52988,4,17,52988,46,2026-08-11
52989,1,18,52989,36,2026-08-11
52990,2,18,52990,33,2026-08-11
52992,4,18,52992,33,2026-08-11
52993,1,19,52993,60,2026-08-11
52994,2,19,52994,35,2026-08-11
52995,3,19,52995,23,2026-08-11
52996,4,19,52996,7,2026-08-11
52999,3,20,52999,17,2026-08-11
53000,4,20,53000,31,2026-08-11
53002,2,21,53002,42,2026-08-11
53004,4,21,53004,39,2026-08-11
53006,2,22,53006,22,2026-08-11
53007,3,22,53007,43,2026-08-11
53010,2,23,53010,22,2026-08-11
53012,4,23,53012,55,2026-08-11
53013,1,24,53013,54,2026-08-11
53016,4,24,53016,40,2026-08-11
53017,1,25,53017,31,2026-08-11
53024,4,26,53024,33,2026-08-11
53025,1,27,53025,31,2026-08-11
53026,2,27,53026,42,2026-08-11
53027,3,27,53027,12,2026-08-11
53030,2,28,53030,17,2026-08-11
53031,3,28,53031,8,2026-08-11
53033,1,29,53033,41,2026-08-11
53034,2,29,53034,56,2026-08-11
53035,3,29,53035,50,2026-08-11
53036,4,29,53036,29,2026-08-11
53037,1,30,53037,48,2026-08-11
53038,2,30,53038,45,2026-08-11
53039,3,30,53039,65,2026-08-11
53040,4,30,53040,34,2026-08-11
53042,2,31,53042,8,2026-08-11
53045,1,32,53045,40,2026-08-11
53046,2,32,53046,33,2026-08-11
53047,3,32,53047,26,2026-08-11
53048,4,32,53048,63,2026-08-11
53051,3,33,53051,20,2026-08-11
53052,4,33,53052,17,2026-08-11
53054,2,34,53054,55,2026-08-11
53055,3,34,53055,37,2026-08-11
53056,4,34,53056,29,2026-08-11
53058,2,35,53058,26,2026-08-11
53059,3,35,53059,29,2026-08-11
53060,4,35,53060,81,2026-08-11
53061,1,1,53061,92,2026-08-12
53062,2,1,53062,80,2026-08-12
53064,4,1,53064,82,2026-08-12
53065,1,2,53065,88,2026-08-12
53066,2,2,53066,95,2026-08-12
53067,3,2,53067,29,2026-08-12
53068,4,2,53068,45,2026-08-12
53069,1,3,53069,60,2026-08-12
53070,2,3,53070,46,2026-08-12
53071,3,3,53071,25,2026-08-12
53073,1,4,53073,70,2026-08-12
53074,2,4,53074,68,2026-08-12
53075,3,4,53075,53,2026-08-12
53076,4,4,53076,83,2026-08-12
53077,1,5,53077,61,2026-08-12
53078,2,5,53078,45,2026-08-12
53079,3,5,53079,31,2026-08-12
53080,4,5,53080,42,2026-08-12
53081,1,6,53081,43,2026-08-12
53082,2,6,53082,57,2026-08-12
53083,3,6,53083,52,2026-08-12
53084,4,6,53084,44,2026-08-12
53085,1,7,53085,51,2026-08-12
53086,2,7,53086,56,2026-08-12
53087,3,7,53087,42,2026-08-12
53088,4,7,53088,31,2026-08-12
53090,2,8,53090,28,2026-08-12
53091,3,8,53091,28,2026-08-12
53092,4,8,53092,29,2026-08-12
53093,1,9,53093,78,2026-08-12
53094,2,9,53094,38,2026-08-12
53095,3,9,53095,41,2026-08-12
53096,4,9,53096,38,2026-08-12
53098,2,10,53098,59,2026-08-12
53100,4,10,53100,43,2026-08-12
53101,1,11,53101,119,2026-08-12
53102,2,11,53102,65,2026-08-12
53103,3,11,53103,40,2026-08-12
53105,1,12,53105,13,2026-08-12
53106,2,12,53106,64,2026-08-12
53107,3,12,53107,36,2026-08-12
53108,4,12,53108,16,2026-08-12
53109,1,13,53109,53,2026-08-12
53111,3,13,53111,59,2026-08-12
53112,4,13,53112,46,2026-08-12
53113,1,14,53113,33,2026-08-12
53114,2,14,53114,56,2026-08-12
53115,3,14,53115,84,2026-08-12
53116,4,14,53116,45,2026-08-12
53117,1,15,53117,107,2026-08-12
53118,2,15,53118,81,2026-08-12
53119,3,15,53119,23,2026-08-12
53120,4,15,53120,59,2026-08-12
53121,1,16,53121,41,2026-08-12
53122,2,16,53122,24,2026-08-12
53123,3,16,53123,37,2026-08-12
53124,4,16,53124,1,2026-08-12
53125,1,17,53125,74,2026-08-12
53127,3,17,53127,75,2026-08-12
53128,4,17,53128,44,2026-08-12
53129,1,18,53129,73,2026-08-12
53130,2,18,53130,27,2026-08-12
53131,3,18,53131,12,2026-08-12
53132,4,18,53132,51,2026-08-12
53133,1,19,53133,36,2026-08-12
53134,2,19,53134,31,2026-08-12
53135,3,19,53135,50,2026-08-12
53136,4,19,53136,29,2026-08-12
53138,2,20,53138,39,2026-08-12
53139,3,20,53139,55,2026-08-12
53140,4,20,53140,88,2026-08-12
53141,1,21,53141,14,2026-08-12
53142,2,21,53142,72,2026-08-12
53144,4,21,53144,81,2026-08-12
53146,2,22,53146,28,2026-08-12
53147,3,22,53147,37,2026-08-12
53149,1,23,53149,3,2026-08-12
53150,2,23,53150,38,2026-08-12
53152,4,23,53152,38,2026-08-12
53153,1,24,53153,94,2026-08-12
53154,2,24,53154,73,2026-08-12
53155,3,24,53155,6,2026-08-12
53156,4,24,53156,53,2026-08-12
53157,1,25,53157,67,2026-08-12
53159,3,25,53159,27,2026-08-12
53160,4,25,53160,32,2026-08-12
53161,1,26,53161,39,2026-08-12
53162,2,26,53162,51,2026-08-12
53164,4,26,53164,84,2026-08-12
53165,1,27,53165,97,2026-08-12
53166,2,27,53166,59,2026-08-12
53167,3,27,53167,65,2026-08-12
53168,4,27,53168,26,2026-08-12
53169,1,28,53169,54,2026-08-12
53170,2,28,53170,52,2026-08-12
53171,3,28,53171,45,2026-08-12
53172,4,28,53172,17,2026-08-12
53173,1,29,53173,43,2026-08-12
53174,2,29,53174,38,2026-08-12
53175,3,29,53175,41,2026-08-12
53176,4,29,53176,61,2026-08-12
53177,1,30,53177,79,2026-08-12
53178,2,30,53178,49,2026-08-12
53179,3,30,53179,22,2026-08-12
53180,4,30,53180,49,2026-08-12
53182,2,31,53182,38,2026-08-12
53184,4,31,53184,64,2026-08-12
53185,1,32,53185,60,2026-08-12
53186,2,32,53186,65,2026-08-12
53187,3,32,53187,9,2026-08-12
53188,4,32,53188,111,2026-08-12
53190,2,33,53190,71,2026-08-12
53191,3,33,53191,23,2026-08-12
53192,4,33,53192,45,2026-08-12
53194,2,34,53194,51,2026-08-12
53195,3,34,53195,43,2026-08-12
53196,4,34,53196,69,2026-08-12
53197,1,35,53197,51,2026-08-12
53198,2,35,53198,53,2026-08-12
53199,3,35,53199,71,2026-08-12
53200,4,35,53200,82,2026-08-12
