id,farmId,receivedDate,status
1,1,2025-07-29,COMPLETED
2,2,2025-07-29,COMPLETED
3,3,2025-07-29,COMPLETED
4,4,2025-07-29,COMPLETED
5,5,2025-07-29,COMPLETED
6,1,2025-07-30,COMPLETED
7,2,2025-07-30,COMPLETED
8,3,2025-07-30,COMPLETED
9,4,2025-07-30,COMPLETED
10,5,2025-07-30,COMPLETED
11,1,2025-07-31,COMPLETED
12,2,2025-07-31,COMPLETED
13,3,2025-07-31,COMPLETED
14,4,2025-07-31,COMPLETED
15,5,2025-07-31,COMPLETED
16,1,2025-08-01,COMPLETED
17,2,2025-08-01,COMPLETED
18,3,2025-08-01,COMPLETED
19,4,2025-08-01,COMPLETED
20,5,2025-08-01,COMPLETED
21,1,2025-08-02,COMPLETED
22,2,2025-08-02,COMPLETED
23,3,2025-08-02,COMPLETED
24,4,2025-08-02,COMPLETED
25,5,2025-08-02,COMPLETED
26,1,2025-08-03,COMPLETED
27,2,2025-08-03,COMPLETED
28,3,2025-08-03,COMPLETED
29,4,2025-08-03,COMPLETED
30,5,2025-08-03,COMPLETED
31,1,2025-08-04,COMPLETED
32,2,2025-08-04,COMPLETED
33,3,2025-08-04,COMPLETED
34,4,2025-08-04,COMPLETED
35,5,2025-08-04,COMPLETED
36,1,2025-08-05,COMPLETED
37,2,2025-08-05,COMPLETED
38,3,2025-08-05,COMPLETED
39,4,2025-08-05,COMPLETED
40,5,2025-08-05,COMPLETED
41,1,2025-08-06,COMPLETED
42,2,2025-08-06,COMPLETED
43,3,2025-08-06,COMPLETED
44,4,2025-08-06,COMPLETED
45,5,2025-08-06,COMPLETED
46,1,2025-08-07,COMPLETED
47,2,2025-08-07,COMPLETED
48,3,2025-08-07,COMPLETED
49,4,2025-08-07,COMPLETED
50,5,2025-08-07,COMPLETED
51,1,2025-08-08,COMPLETED
52,2,2025-08-08,COMPLETED
53,3,2025-08-08,COMPLETED
54,4,2025-08-08,COMPLETED
55,5,2025-08-08,COMPLETED
56,1,2025-08-09,COMPLETED
57,2,2025-08-09,COMPLETED
58,3,2025-08-09,COMPLETED
59,4,2025-08-09,COMPLETED
60,5,2025-08-09,COMPLETED
61,1,2025-08-10,COMPLETED
62,2,2025-08-10,COMPLETED
63,3,2025-08-10,COMPLETED
64,4,2025-08-10,COMPLETED
65,5,2025-08-10,COMPLETED
66,1,2025-08-11,COMPLETED
67,2,2025-08-11,COMPLETED
68,3,2025-08-11,COMPLETED
69,4,2025-08-11,COMPLETED
70,5,2025-08-11,COMPLETED
71,1,2025-08-12,COMPLETED
72,2,2025-08-12,COMPLETED
73,3,2025-08-12,COMPLETED
74,4,2025-08-12,COMPLETED
75,5,2025-08-12,COMPLETED
76,1,2025-08-13,COMPLETED
77,2,2025-08-13,COMPLETED
78,3,2025-08-13,COMPLETED
79,4,2025-08-13,COMPLETED
80,5,2025-08-13,COMPLETED
81,1,2025-08-14,COMPLETED
82,2,2025-08-14,COMPLETED
83,3,2025-08-14,COMPLETED
84,4,2025-08-14,COMPLETED
85,5,2025-08-14,COMPLETED
86,1,2025-08-15,COMPLETED
87,2,2025-08-15,COMPLETED
88,3,2025-08-15,COMPLETED
89,4,2025-08-15,COMPLETED
90,5,2025-08-15,COMPLETED
91,1,2025-08-16,COMPLETED
92,2,2025-08-16,COMPLETED
93,3,2025-08-16,COMPLETED
94,4,2025-08-16,COMPLETED
95,5,2025-08-16,COMPLETED
96,1,2025-08-17,COMPLETED
97,2,2025-08-17,COMPLETED
98,3,2025-08-17,COMPLETED
99,4,2025-08-17,COMPLETED
100,5,2025-08-17,COMPLETED
101,1,2025-08-18,COMPLETED
102,2,2025-08-18,COMPLETED
103,3,2025-08-18,COMPLETED
104,4,2025-08-18,COMPLETED
105,5,2025-08-18,COMPLETED
106,1,2025-08-19,COMPLETED
107,2,2025-08-19,COMPLETED
108,3,2025-08-19,COMPLETED
109,4,2025-08-19,COMPLETED
110,5,2025-08-19,COMPLETED
111,1,2025-08-20,COMPLETED
112,2,2025-08-20,COMPLETED
113,3,2025-08-20,COMPLETED
114,4,2025-08-20,COMPLETED
115,5,2025-08-20,COMPLETED
116,1,2025-08-21,COMPLETED
117,2,2025-08-21,COMPLETED
118,3,2025-08-21,COMPLETED
119,4,2025-08-21,COMPLETED
120,5,2025-08-21,COMPLETED
121,1,2025-08-22,COMPLETED
122,2,2025-08-22,COMPLETED
123,3,2025-08-22,COMPLETED
124,4,2025-08-22,COMPLETED
125,5,2025-08-22,COMPLETED
126,1,2025-08-23,COMPLETED
127,2,2025-08-23,COMPLETED
128,3,2025-08-23,COMPLETED
129,4,2025-08-23,COMPLETED
130,5,2025-08-23,COMPLETED
131,1,2025-08-24,COMPLETED
132,2,2025-08-24,COMPLETED
133,3,2025-08-24,COMPLETED
134,4,2025-08-24,COMPLETED
135,5,2025-08-24,COMPLETED
136,1,2025-08-25,COMPLETED
137,2,2025-08-25,COMPLETED
138,3,2025-08-25,COMPLETED
139,4,2025-08-25,COMPLETED
140,5,2025-08-25,COMPLETED
141,1,2025-08-26,COMPLETED
142,2,2025-08-26,COMPLETED
143,3,2025-08-26,COMPLETED
144,4,2025-08-26,COMPLETED
145,5,2025-08-26,COMPLETED
146,1,2025-08-27,COMPLETED
147,2,2025-08-27,COMPLETED
148,3,2025-08-27,COMPLETED
149,4,2025-08-27,COMPLETED
150,5,2025-08-27,COMPLETED
151,1,2025-08-28,COMPLETED
152,2,2025-08-28,COMPLETED
153,3,2025-08-28,COMPLETED
154,4,2025-08-28,COMPLETED
155,5,2025-08-28,COMPLETED
156,1,2025-08-29,COMPLETED
157,2,2025-08-29,COMPLETED
158,3,2025-08-29,COMPLETED
159,4,2025-08-29,COMPLETED
160,5,2025-08-29,COMPLETED
161,1,2025-08-30,COMPLETED
162,2,2025-08-30,COMPLETED
163,3,2025-08-30,COMPLETED
164,4,2025-08-30,COMPLETED
165,5,2025-08-30,COMPLETED
166,1,2025-08-31,COMPLETED
167,2,2025-08-31,COMPLETED
168,3,2025-08-31,COMPLETED
169,4,2025-08-31,COMPLETED
170,5,2025-08-31,COMPLETED
171,1,2025-09-01,COMPLETED
172,2,2025-09-01,COMPLETED
173,3,2025-09-01,COMPLETED
174,4,2025-09-01,COMPLETED
175,5,2025-09-01,COMPLETED
176,1,2025-09-02,COMPLETED
177,2,2025-09-02,COMPLETED
178,3,2025-09-02,COMPLETED
179,4,2025-09-02,COMPLETED
180,5,2025-09-02,COMPLETED
181,1,2025-09-03,COMPLETED
182,2,2025-09-03,COMPLETED
183,3,2025-09-03,COMPLETED
184,4,2025-09-03,COMPLETED
185,5,2025-09-03,COMPLETED
186,1,2025-09-04,COMPLETED
187,2,2025-09-04,COMPLETED
188,3,2025-09-04,COMPLETED
189,4,2025-09-04,COMPLETED
190,5,2025-09-04,COMPLETED
191,1,2025-09-05,COMPLETED
192,2,2025-09-05,COMPLETED
193,3,2025-09-05,COMPLETED
194,4,2025-09-05,COMPLETED
195,5,2025-09-05,COMPLETED
196,1,2025-09-06,COMPLETED
197,2,2025-09-06,COMPLETED
198,3,2025-09-06,COMPLETED
199,4,2025-09-06,COMPLETED
200,5,2025-09-06,COMPLETED
201,1,2025-09-07,COMPLETED
202,2,2025-09-07,COMPLETED
203,3,2025-09-07,COMPLETED
204,4,2025-09-07,COMPLETED
205,5,2025-09-07,COMPLETED
206,1,2025-09-08,COMPLETED
207,2,2025-09-08,COMPLETED
208,3,2025-09-08,COMPLETED
209,4,2025-09-08,COMPLETED
210,5,2025-09-08,COMPLETED
211,1,2025-09-09,COMPLETED
212,2,2025-09-09,COMPLETED
213,3,2025-09-09,COMPLETED
214,4,2025-09-09,COMPLETED
215,5,2025-09-09,COMPLETED
216,1,2025-09-10,COMPLETED
217,2,2025-09-10,COMPLETED
218,3,2025-09-10,COMPLETED
219,4,2025-09-10,COMPLETED
220,5,2025-09-10,COMPLETED
221,1,2025-09-11,COMPLETED
222,2,2025-09-11,COMPLETED
223,3,2025-09-11,COMPLETED
224,4,2025-09-11,COMPLETED
225,5,2025-09-11,COMPLETED
226,1,2025-09-12,COMPLETED
227,2,2025-09-12,COMPLETED
228,3,2025-09-12,COMPLETED
229,4,2025-09-12,COMPLETED
230,5,2025-09-12,COMPLETED
231,1,2025-09-13,COMPLETED
232,2,2025-09-13,COMPLETED
233,3,2025-09-13,COMPLETED
234,4,2025-09-13,COMPLETED
235,5,2025-09-13,COMPLETED
236,1,2025-09-14,COMPLETED
237,2,2025-09-14,COMPLETED
238,3,2025-09-14,COMPLETED
239,4,2025-09-14,COMPLETED
240,5,2025-09-14,COMPLETED
241,1,2025-09-15,COMPLETED
242,2,2025-09-15,COMPLETED
243,3,2025-09-15,COMPLETED
244,4,2025-09-15,COMPLETED
245,5,2025-09-15,COMPLETED
246,1,2025-09-16,COMPLETED
247,2,2025-09-16,COMPLETED
248,3,2025-09-16,COMPLETED
249,4,2025-09-16,COMPLETED
250,5,2025-09-16,COMPLETED
251,1,2025-09-17,COMPLETED
252,2,2025-09-17,COMPLETED
253,3,2025-09-17,COMPLETED
254,4,2025-09-17,COMPLETED
255,5,2025-09-17,COMPLETED
256,1,2025-09-18,COMPLETED
257,2,2025-09-18,COMPLETED
258,3,2025-09-18,COMPLETED
259,4,2025-09-18,COMPLETED
260,5,2025-09-18,COMPLETED
261,1,2025-09-19,COMPLETED
262,2,2025-09-19,COMPLETED
263,3,2025-09-19,COMPLETED
264,4,2025-09-19,COMPLETED
265,5,2025-09-19,COMPLETED
266,1,2025-09-20,COMPLETED
267,2,2025-09-20,COMPLETED
268,3,2025-09-20,COMPLETED
269,4,2025-09-20,COMPLETED
270,5,2025-09-20,COMPLETED
271,1,2025-09-21,COMPLETED
272,2,2025-09-21,COMPLETED
273,3,2025-09-21,COMPLETED
274,4,2025-09-21,COMPLETED
275,5,2025-09-21,COMPLETED
276,1,2025-09-22,COMPLETED
277,2,2025-09-22,COMPLETED
278,3,2025-09-22,COMPLETED
279,4,2025-09-22,COMPLETED
280,5,2025-09-22,COMPLETED
281,1,2025-09-23,COMPLETED
282,2,2025-09-23,COMPLETED
283,3,2025-09-23,COMPLETED
284,4,2025-09-23,COMPLETED
285,5,2025-09-23,COMPLETED
286,1,2025-09-24,COMPLETED
287,2,2025-09-24,COMPLETED
288,3,2025-09-24,COMPLETED
289,4,2025-09-24,COMPLETED
290,5,2025-09-24,COMPLETED
291,1,2025-09-25,COMPLETED
292,2,2025-09-25,COMPLETED
293,3,2025-09-25,COMPLETED
294,4,2025-09-25,COMPLETED
295,5,2025-09-25,COMPLETED
296,1,2025-09-26,COMPLETED
297,2,2025-09-26,COMPLETED
298,3,2025-09-26,COMPLETED
299,4,2025-09-26,COMPLETED
300,5,2025-09-26,COMPLETED
301,1,2025-09-27,COMPLETED
302,2,2025-09-27,COMPLETED
303,3,2025-09-27,COMPLETED
304,4,2025-09-27,COMPLETED
305,5,2025-09-27,COMPLETED
306,1,2025-09-28,COMPLETED
307,2,2025-09-28,COMPLETED
308,3,2025-09-28,COMPLETED
309,4,2025-09-28,COMPLETED
310,5,2025-09-28,COMPLETED
311,1,2025-09-29,COMPLETED
312,2,2025-09-29,COMPLETED
313,3,2025-09-29,COMPLETED
314,4,2025-09-29,COMPLETED
315,5,2025-09-29,COMPLETED
316,1,2025-09-30,COMPLETED
317,2,2025-09-30,COMPLETED
318,3,2025-09-30,COMPLETED
319,4,2025-09-30,COMPLETED
320,5,2025-09-30,COMPLETED
321,1,2025-10-01,COMPLETED
322,2,2025-10-01,COMPLETED
323,3,2025-10-01,COMPLETED
324,4,2025-10-01,COMPLETED
325,5,2025-10-01,COMPLETED
326,1,2025-10-02,COMPLETED
327,2,2025-10-02,COMPLETED
328,3,2025-10-02,COMPLETED
329,4,2025-10-02,COMPLETED
330,5,2025-10-02,COMPLETED
331,1,2025-10-03,COMPLETED
332,2,2025-10-03,COMPLETED
333,3,2025-10-03,COMPLETED
334,4,2025-10-03,COMPLETED
335,5,2025-10-03,COMPLETED
336,1,2025-10-04,COMPLETED
337,2,2025-10-04,COMPLETED
338,3,2025-10-04,COMPLETED
339,4,2025-10-04,COMPLETED
340,5,2025-10-04,COMPLETED
341,1,2025-10-05,COMPLETED
342,2,2025-10-05,COMPLETED
343,3,2025-10-05,COMPLETED
344,4,2025-10-05,COMPLETED
345,5,2025-10-05,COMPLETED
346,1,2025-10-06,COMPLETED
347,2,2025-10-06,COMPLETED
348,3,2025-10-06,COMPLETED
349,4,2025-10-06,COMPLETED
350,5,2025-10-06,COMPLETED
351,1,2025-10-07,COMPLETED
352,2,2025-10-07,COMPLETED
353,3,2025-10-07,COMPLETED
354,4,2025-10-07,COMPLETED
355,5,2025-10-07,COMPLETED
356,1,2025-10-08,COMPLETED
357,2,2025-10-08,COMPLETED
358,3,2025-10-08,COMPLETED
359,4,2025-10-08,COMPLETED
360,5,2025-10-08,COMPLETED
361,1,2025-10-09,COMPLETED
362,2,2025-10-09,COMPLETED
363,3,2025-10-09,COMPLETED
364,4,2025-10-09,COMPLETED
365,5,2025-10-09,COMPLETED
366,1,2025-10-10,COMPLETED
367,2,2025-10-10,COMPLETED
368,3,2025-10-10,COMPLETED
369,4,2025-10-10,COMPLETED
370,5,2025-10-10,COMPLETED
371,1,2025-10-11,COMPLETED
372,2,2025-10-11,COMPLETED
373,3,2025-10-11,COMPLETED
374,4,2025-10-11,COMPLETED
375,5,2025-10-11,COMPLETED
376,1,2025-10-12,COMPLETED
377,2,2025-10-12,COMPLETED
378,3,2025-10-12,COMPLETED
379,4,2025-10-12,COMPLETED
380,5,2025-10-12,COMPLETED
381,1,2025-10-13,COMPLETED
382,2,2025-10-13,COMPLETED
383,3,2025-10-13,COMPLETED
384,4,2025-10-13,COMPLETED
385,5,2025-10-13,COMPLETED
386,1,2025-10-14,COMPLETED
387,2,2025-10-14,COMPLETED
388,3,2025-10-14,COMPLETED
389,4,2025-10-14,COMPLETED
390,5,2025-10-14,COMPLETED
391,1,2025-10-15,COMPLETED
392,2,2025-10-15,COMPLETED
393,3,2025-10-15,COMPLETED
394,4,2025-10-15,COMPLETED
395,5,2025-10-15,COMPLETED
396,1,2025-10-16,COMPLETED
397,2,2025-10-16,COMPLETED
398,3,2025-10-16,COMPLETED
399,4,2025-10-16,COMPLETED
400,5,2025-10-16,COMPLETED
401,1,2025-10-17,COMPLETED
402,2,2025-10-17,COMPLETED
403,3,2025-10-17,COMPLETED
404,4,2025-10-17,COMPLETED
405,5,2025-10-17,COMPLETED
406,1,2025-10-18,COMPLETED
407,2,2025-10-18,COMPLETED
408,3,2025-10-18,COMPLETED
409,4,2025-10-18,COMPLETED
410,5,2025-10-18,COMPLETED
411,1,2025-10-19,COMPLETED
412,2,2025-10-19,COMPLETED
413,3,2025-10-19,COMPLETED
414,4,2025-10-19,COMPLETED
415,5,2025-10-19,COMPLETED
416,1,2025-10-20,COMPLETED
417,2,2025-10-20,COMPLETED
418,3,2025-10-20,COMPLETED
419,4,2025-10-20,COMPLETED
420,5,2025-10-20,COMPLETED
421,1,2025-10-21,COMPLETED
422,2,2025-10-21,COMPLETED
423,3,2025-10-21,COMPLETED
424,4,2025-10-21,COMPLETED
425,5,2025-10-21,COMPLETED
426,1,2025-10-22,COMPLETED
427,2,2025-10-22,COMPLETED
428,3,2025-10-22,COMPLETED
429,4,2025-10-22,COMPLETED
430,5,2025-10-22,COMPLETED
431,1,2025-10-23,COMPLETED
432,2,2025-10-23,COMPLETED
433,3,2025-10-23,COMPLETED
434,4,2025-10-23,COMPLETED
435,5,2025-10-23,COMPLETED
436,1,2025-10-24,COMPLETED
437,2,2025-10-24,COMPLETED
438,3,2025-10-24,COMPLETED
439,4,2025-10-24,COMPLETED
440,5,2025-10-24,COMPLETED
441,1,2025-10-25,COMPLETED
442,2,2025-10-25,COMPLETED
443,3,2025-10-25,COMPLETED
444,4,2025-10-25,COMPLETED
445,5,2025-10-25,COMPLETED
446,1,2025-10-26,COMPLETED
447,2,2025-10-26,COMPLETED
448,3,2025-10-26,COMPLETED
449,4,2025-10-26,COMPLETED
450,5,2025-10-26,COMPLETED
451,1,2025-10-27,COMPLETED
452,2,2025-10-27,COMPLETED
453,3,2025-10-27,COMPLETED
454,4,2025-10-27,COMPLETED
455,5,2025-10-27,COMPLETED
456,1,2025-10-28,COMPLETED
457,2,2025-10-28,COMPLETED
458,3,2025-10-28,COMPLETED
459,4,2025-10-28,COMPLETED
460,5,2025-10-28,COMPLETED
461,1,2025-10-29,COMPLETED
462,2,2025-10-29,COMPLETED
463,3,2025-10-29,COMPLETED
464,4,2025-10-29,COMPLETED
465,5,2025-10-29,COMPLETED
466,1,2025-10-30,COMPLETED
467,2,2025-10-30,COMPLETED
468,3,2025-10-30,COMPLETED
469,4,2025-10-30,COMPLETED
470,5,2025-10-30,COMPLETED
471,1,2025-10-31,COMPLETED
472,2,2025-10-31,COMPLETED
473,3,2025-10-31,COMPLETED
474,4,2025-10-31,COMPLETED
475,5,2025-10-31,COMPLETED
476,1,2025-11-01,COMPLETED
477,2,2025-11-01,COMPLETED
478,3,2025-11-01,COMPLETED
479,4,2025-11-01,COMPLETED
480,5,2025-11-01,COMPLETED
481,1,2025-11-02,COMPLETED
482,2,2025-11-02,COMPLETED
483,3,2025-11-02,COMPLETED
484,4,2025-11-02,COMPLETED
485,5,2025-11-02,COMPLETED
486,1,2025-11-03,COMPLETED
487,2,2025-11-03,COMPLETED
488,3,2025-11-03,COMPLETED
489,4,2025-11-03,COMPLETED
490,5,2025-11-03,COMPLETED
491,1,2025-11-04,COMPLETED
492,2,2025-11-04,COMPLETED
493,3,2025-11-04,COMPLETED
494,4,2025-11-04,COMPLETED
495,5,2025-11-04,COMPLETED
496,1,2025-11-05,COMPLETED
497,2,2025-11-05,COMPLETED
498,3,2025-11-05,COMPLETED
499,4,2025-11-05,COMPLETED
500,5,2025-11-05,COMPLETED
501,1,2025-11-06,COMPLETED
502,2,2025-11-06,COMPLETED
503,3,2025-11-06,COMPLETED
504,4,2025-11-06,COMPLETED
505,5,2025-11-06,COMPLETED
506,1,2025-11-07,COMPLETED
507,2,2025-11-07,COMPLETED
508,3,2025-11-07,COMPLETED
509,4,2025-11-07,COMPLETED
510,5,2025-11-07,COMPLETED
511,1,2025-11-08,COMPLETED
512,2,2025-11-08,COMPLETED
513,3,2025-11-08,COMPLETED
514,4,2025-11-08,COMPLETED
515,5,2025-11-08,COMPLETED
516,1,2025-11-09,COMPLETED
517,2,2025-11-09,COMPLETED
518,3,2025-11-09,COMPLETED
519,4,2025-11-09,COMPLETED
520,5,2025-11-09,COMPLETED
521,1,2025-11-10,COMPLETED
522,2,2025-11-10,COMPLETED
523,3,2025-11-10,COMPLETED
524,4,2025-11-10,COMPLETED
525,5,2025-11-10,COMPLETED
526,1,2025-11-11,COMPLETED
527,2,2025-11-11,COMPLETED
528,3,2025-11-11,COMPLETED
529,4,2025-11-11,COMPLETED
530,5,2025-11-11,COMPLETED
531,1,2025-11-12,COMPLETED
532,2,2025-11-12,COMPLETED
533,3,2025-11-12,COMPLETED
534,4,2025-11-12,COMPLETED
535,5,2025-11-12,COMPLETED
536,1,2025-11-13,COMPLETED
537,2,2025-11-13,COMPLETED
538,3,2025-11-13,COMPLETED
539,4,2025-11-13,COMPLETED
540,5,2025-11-13,COMPLETED
541,1,2025-11-14,COMPLETED
542,2,2025-11-14,COMPLETED
543,3,2025-11-14,COMPLETED
544,4,2025-11-14,COMPLETED
545,5,2025-11-14,COMPLETED
546,1,2025-11-15,COMPLETED
547,2,2025-11-15,COMPLETED
548,3,2025-11-15,COMPLETED
549,4,2025-11-15,COMPLETED
550,5,2025-11-15,COMPLETED
551,1,2025-11-16,COMPLETED
552,2,2025-11-16,COMPLETED
553,3,2025-11-16,COMPLETED
554,4,2025-11-16,COMPLETED
555,5,2025-11-16,COMPLETED
556,1,2025-11-17,COMPLETED
557,2,2025-11-17,COMPLETED
558,3,2025-11-17,COMPLETED
559,4,2025-11-17,COMPLETED
560,5,2025-11-17,COMPLETED
561,1,2025-11-18,COMPLETED
562,2,2025-11-18,COMPLETED
563,3,2025-11-18,COMPLETED
564,4,2025-11-18,COMPLETED
565,5,2025-11-18,COMPLETED
566,1,2025-11-19,COMPLETED
567,2,2025-11-19,COMPLETED
568,3,2025-11-19,COMPLETED
569,4,2025-11-19,COMPLETED
570,5,2025-11-19,COMPLETED
571,1,2025-11-20,COMPLETED
572,2,2025-11-20,COMPLETED
573,3,2025-11-20,COMPLETED
574,4,2025-11-20,COMPLETED
575,5,2025-11-20,COMPLETED
576,1,2025-11-21,COMPLETED
577,2,2025-11-21,COMPLETED
578,3,2025-11-21,COMPLETED
579,4,2025-11-21,COMPLETED
580,5,2025-11-21,COMPLETED
581,1,2025-11-22,COMPLETED
582,2,2025-11-22,COMPLETED
583,3,2025-11-22,COMPLETED
584,4,2025-11-22,COMPLETED
585,5,2025-11-22,COMPLETED
586,1,2025-11-23,COMPLETED
587,2,2025-11-23,COMPLETED
588,3,2025-11-23,COMPLETED
589,4,2025-11-23,COMPLETED
590,5,2025-11-23,COMPLETED
591,1,2025-11-24,COMPLETED
592,2,2025-11-24,COMPLETED
593,3,2025-11-24,COMPLETED
594,4,2025-11-24,COMPLETED
595,5,2025-11-24,COMPLETED
596,1,2025-11-25,COMPLETED
597,2,2025-11-25,COMPLETED
598,3,2025-11-25,COMPLETED
599,4,2025-11-25,COMPLETED
600,5,2025-11-25,COMPLETED
601,1,2025-11-26,COMPLETED
602,2,2025-11-26,COMPLETED
603,3,2025-11-26,COMPLETED
604,4,2025-11-26,COMPLETED
605,5,2025-11-26,COMPLETED
606,1,2025-11-27,COMPLETED
607,2,2025-11-27,COMPLETED
608,3,2025-11-27,COMPLETED
609,4,2025-11-27,COMPLETED
610,5,2025-11-27,COMPLETED
611,1,2025-11-28,COMPLETED
612,2,2025-11-28,COMPLETED
613,3,2025-11-28,COMPLETED
614,4,2025-11-28,COMPLETED
615,5,2025-11-28,COMPLETED
616,1,2025-11-29,COMPLETED
617,2,2025-11-29,COMPLETED
618,3,2025-11-29,COMPLETED
619,4,2025-11-29,COMPLETED
620,5,2025-11-29,COMPLETED
621,1,2025-11-30,COMPLETED
622,2,2025-11-30,COMPLETED
623,3,2025-11-30,COMPLETED
624,4,2025-11-30,COMPLETED
625,5,2025-11-30,COMPLETED
626,1,2025-12-01,COMPLETED
627,2,2025-12-01,COMPLETED
628,3,2025-12-01,COMPLETED
629,4,2025-12-01,COMPLETED
630,5,2025-12-01,COMPLETED
631,1,2025-12-02,COMPLETED
632,2,2025-12-02,COMPLETED
633,3,2025-12-02,COMPLETED
634,4,2025-12-02,COMPLETED
635,5,2025-12-02,COMPLETED
636,1,2025-12-03,COMPLETED
637,2,2025-12-03,COMPLETED
638,3,2025-12-03,COMPLETED
639,4,2025-12-03,COMPLETED
640,5,2025-12-03,COMPLETED
641,1,2025-12-04,COMPLETED
642,2,2025-12-04,COMPLETED
643,3,2025-12-04,COMPLETED
644,4,2025-12-04,COMPLETED
645,5,2025-12-04,COMPLETED
646,1,2025-12-05,COMPLETED
647,2,2025-12-05,COMPLETED
648,3,2025-12-05,COMPLETED
649,4,2025-12-05,COMPLETED
650,5,2025-12-05,COMPLETED
651,1,2025-12-06,COMPLETED
652,2,2025-12-06,COMPLETED
653,3,2025-12-06,COMPLETED
654,4,2025-12-06,COMPLETED
655,5,2025-12-06,COMPLETED
656,1,2025-12-07,COMPLETED
657,2,2025-12-07,COMPLETED
658,3,2025-12-07,COMPLETED
659,4,2025-12-07,COMPLETED
660,5,2025-12-07,COMPLETED
661,1,2025-12-08,COMPLETED
662,2,2025-12-08,COMPLETED
663,3,2025-12-08,COMPLETED
664,4,2025-12-08,COMPLETED
665,5,2025-12-08,COMPLETED
666,1,2025-12-09,COMPLETED
667,2,2025-12-09,COMPLETED
668,3,2025-12-09,COMPLETED
669,4,2025-12-09,COMPLETED
670,5,2025-12-09,COMPLETED
671,1,2025-12-10,COMPLETED
672,2,2025-12-10,COMPLETED
673,3,2025-12-10,COMPLETED
674,4,2025-12-10,COMPLETED
675,5,2025-12-10,COMPLETED
676,1,2025-12-11,COMPLETED
677,2,2025-12-11,COMPLETED
678,3,2025-12-11,COMPLETED
679,4,2025-12-11,COMPLETED
680,5,2025-12-11,COMPLETED
681,1,2025-12-12,COMPLETED
682,2,2025-12-12,COMPLETED
683,3,2025-12-12,COMPLETED
684,4,2025-12-12,COMPLETED
685,5,2025-12-12,COMPLETED
686,1,2025-12-13,COMPLETED
687,2,2025-12-13,COMPLETED
688,3,2025-12-13,COMPLETED
689,4,2025-12-13,COMPLETED
690,5,2025-12-13,COMPLETED
691,1,2025-12-14,COMPLETED
692,2,2025-12-14,COMPLETED
693,3,2025-12-14,COMPLETED
694,4,2025-12-14,COMPLETED
695,5,2025-12-14,COMPLETED
696,1,2025-12-15,COMPLETED
697,2,2025-12-15,COMPLETED
698,3,2025-12-15,COMPLETED
699,4,2025-12-15,COMPLETED
700,5,2025-12-15,COMPLETED
701,1,2025-12-16,COMPLETED
702,2,2025-12-16,COMPLETED
703,3,2025-12-16,COMPLETED
704,4,2025-12-16,COMPLETED
705,5,2025-12-16,COMPLETED
706,1,2025-12-17,COMPLETED
707,2,2025-12-17,COMPLETED
708,3,2025-12-17,COMPLETED
709,4,2025-12-17,COMPLETED
710,5,2025-12-17,COMPLETED
711,1,2025-12-18,COMPLETED
712,2,2025-12-18,COMPLETED
713,3,2025-12-18,COMPLETED
714,4,2025-12-18,COMPLETED
715,5,2025-12-18,COMPLETED
716,1,2025-12-19,COMPLETED
717,2,2025-12-19,COMPLETED
718,3,2025-12-19,COMPLETED
719,4,2025-12-19,COMPLETED
720,5,2025-12-19,COMPLETED
721,1,2025-12-20,COMPLETED
722,2,2025-12-20,COMPLETED
723,3,2025-12-20,COMPLETED
724,4,2025-12-20,COMPLETED
725,5,2025-12-20,COMPLETED
726,1,2025-12-21,COMPLETED
727,2,2025-12-21,COMPLETED
728,3,2025-12-21,COMPLETED
729,4,2025-12-21,COMPLETED
730,5,2025-12-21,COMPLETED
731,1,2025-12-22,COMPLETED
732,2,2025-12-22,COMPLETED
733,3,2025-12-22,COMPLETED
734,4,2025-12-22,COMPLETED
735,5,2025-12-22,COMPLETED
736,1,2025-12-23,COMPLETED
737,2,2025-12-23,COMPLETED
738,3,2025-12-23,COMPLETED
739,4,2025-12-23,COMPLETED
740,5,2025-12-23,COMPLETED
741,1,2025-12-24,COMPLETED
742,2,2025-12-24,COMPLETED
743,3,2025-12-24,COMPLETED
744,4,2025-12-24,COMPLETED
745,5,2025-12-24,COMPLETED
746,1,2025-12-25,COMPLETED
747,2,2025-12-25,COMPLETED
748,3,2025-12-25,COMPLETED
749,4,2025-12-25,COMPLETED
750,5,2025-12-25,COMPLETED
751,1,2025-12-26,COMPLETED
752,2,2025-12-26,COMPLETED
753,3,2025-12-26,COMPLETED
754,4,2025-12-26,COMPLETED
755,5,2025-12-26,COMPLETED
756,1,2025-12-27,COMPLETED
757,2,2025-12-27,COMPLETED
758,3,2025-12-27,COMPLETED
759,4,2025-12-27,COMPLETED
760,5,2025-12-27,COMPLETED
761,1,2025-12-28,COMPLETED
762,2,2025-12-28,COMPLETED
763,3,2025-12-28,COMPLETED
764,4,2025-12-28,COMPLETED
765,5,2025-12-28,COMPLETED
766,1,2025-12-29,COMPLETED
767,2,2025-12-29,COMPLETED
768,3,2025-12-29,COMPLETED
769,4,2025-12-29,COMPLETED
770,5,2025-12-29,COMPLETED
771,1,2025-12-30,COMPLETED
772,2,2025-12-30,COMPLETED
773,3,2025-12-30,COMPLETED
774,4,2025-12-30,COMPLETED
775,5,2025-12-30,COMPLETED
776,1,2025-12-31,COMPLETED
777,2,2025-12-31,COMPLETED
778,3,2025-12-31,COMPLETED
779,4,2025-12-31,COMPLETED
780,5,2025-12-31,COMPLETED
781,1,2026-01-01,COMPLETED
782,2,2026-01-01,COMPLETED
783,3,2026-01-01,COMPLETED
784,4,2026-01-01,COMPLETED
785,5,2026-01-01,COMPLETED
786,1,2026-01-02,COMPLETED
787,2,2026-01-02,COMPLETED
788,3,2026-01-02,COMPLETED
789,4,2026-01-02,COMPLETED
790,5,2026-01-02,COMPLETED
791,1,2026-01-03,COMPLETED
792,2,2026-01-03,COMPLETED
793,3,2026-01-03,COMPLETED
794,4,2026-01-03,COMPLETED
795,5,2026-01-03,COMPLETED
796,1,2026-01-04,COMPLETED
797,2,2026-01-04,COMPLETED
798,3,2026-01-04,COMPLETED
799,4,2026-01-04,COMPLETED
800,5,2026-01-04,COMPLETED
801,1,2026-01-05,COMPLETED
802,2,2026-01-05,COMPLETED
803,3,2026-01-05,COMPLETED
804,4,2026-01-05,COMPLETED
805,5,2026-01-05,COMPLETED
806,1,2026-01-06,COMPLETED
807,2,2026-01-06,COMPLETED
808,3,2026-01-06,COMPLETED
809,4,2026-01-06,COMPLETED
810,5,2026-01-06,COMPLETED
811,1,2026-01-07,COMPLETED
812,2,2026-01-07,COMPLETED
813,3,2026-01-07,COMPLETED
814,4,2026-01-07,COMPLETED
815,5,2026-01-07,COMPLETED
816,1,2026-01-08,COMPLETED
817,2,2026-01-08,COMPLETED
818,3,2026-01-08,COMPLETED
819,4,2026-01-08,COMPLETED
820,5,2026-01-08,COMPLETED
821,1,2026-01-09,COMPLETED
822,2,2026-01-09,COMPLETED
823,3,2026-01-09,COMPLETED
824,4,2026-01-09,COMPLETED
825,5,2026-01-09,COMPLETED
826,1,2026-01-10,COMPLETED
827,2,2026-01-10,COMPLETED
828,3,2026-01-10,COMPLETED
829,4,2026-01-10,COMPLETED
830,5,2026-01-10,COMPLETED
831,1,2026-01-11,COMPLETED
832,2,2026-01-11,COMPLETED
833,3,2026-01-11,COMPLETED
834,4,2026-01-11,COMPLETED
835,5,2026-01-11,COMPLETED
836,1,2026-01-12,COMPLETED
837,2,2026-01-12,COMPLETED
838,3,2026-01-12,COMPLETED
839,4,2026-01-12,COMPLETED
840,5,2026-01-12,COMPLETED
841,1,2026-01-13,COMPLETED
842,2,2026-01-13,COMPLETED
843,3,2026-01-13,COMPLETED
844,4,2026-01-13,COMPLETED
845,5,2026-01-13,COMPLETED
846,1,2026-01-14,COMPLETED
847,2,2026-01-14,COMPLETED
848,3,2026-01-14,COMPLETED
849,4,2026-01-14,COMPLETED
850,5,2026-01-14,COMPLETED
851,1,2026-01-15,COMPLETED
852,2,2026-01-15,COMPLETED
853,3,2026-01-15,COMPLETED
854,4,2026-01-15,COMPLETED
855,5,2026-01-15,COMPLETED
856,1,2026-01-16,COMPLETED
857,2,2026-01-16,COMPLETED
858,3,2026-01-16,COMPLETED
859,4,2026-01-16,COMPLETED
860,5,2026-01-16,COMPLETED
861,1,2026-01-17,COMPLETED
862,2,2026-01-17,COMPLETED
863,3,2026-01-17,COMPLETED
864,4,2026-01-17,COMPLETED
865,5,2026-01-17,COMPLETED
866,1,2026-01-18,COMPLETED
867,2,2026-01-18,COMPLETED
868,3,2026-01-18,COMPLETED
869,4,2026-01-18,COMPLETED
870,5,2026-01-18,COMPLETED
871,1,2026-01-19,COMPLETED
872,2,2026-01-19,COMPLETED
873,3,2026-01-19,COMPLETED
874,4,2026-01-19,COMPLETED
875,5,2026-01-19,COMPLETED
876,1,2026-01-20,COMPLETED
877,2,2026-01-20,COMPLETED
878,3,2026-01-20,COMPLETED
879,4,2026-01-20,COMPLETED
880,5,2026-01-20,COMPLETED
881,1,2026-01-21,COMPLETED
882,2,2026-01-21,COMPLETED
883,3,2026-01-21,COMPLETED
884,4,2026-01-21,COMPLETED
885,5,2026-01-21,COMPLETED
886,1,2026-01-22,COMPLETED
887,2,2026-01-22,COMPLETED
888,3,2026-01-22,COMPLETED
889,4,2026-01-22,COMPLETED
890,5,2026-01-22,COMPLETED
891,1,2026-01-23,COMPLETED
892,2,2026-01-23,COMPLETED
893,3,2026-01-23,COMPLETED
894,4,2026-01-23,COMPLETED
895,5,2026-01-23,COMPLETED
896,1,2026-01-24,COMPLETED
897,2,2026-01-24,COMPLETED
898,3,2026-01-24,COMPLETED
899,4,2026-01-24,COMPLETED
900,5,2026-01-24,COMPLETED
901,1,2026-01-25,COMPLETED
902,2,2026-01-25,COMPLETED
903,3,2026-01-25,COMPLETED
904,4,2026-01-25,COMPLETED
905,5,2026-01-25,COMPLETED
906,1,2026-01-26,COMPLETED
907,2,2026-01-26,COMPLETED
908,3,2026-01-26,COMPLETED
909,4,2026-01-26,COMPLETED
910,5,2026-01-26,COMPLETED
911,1,2026-01-27,COMPLETED
912,2,2026-01-27,COMPLETED
913,3,2026-01-27,COMPLETED
914,4,2026-01-27,COMPLETED
915,5,2026-01-27,COMPLETED
916,1,2026-01-28,COMPLETED
917,2,2026-01-28,COMPLETED
918,3,2026-01-28,COMPLETED
919,4,2026-01-28,COMPLETED
920,5,2026-01-28,COMPLETED
921,1,2026-01-29,COMPLETED
922,2,2026-01-29,COMPLETED
923,3,2026-01-29,COMPLETED
924,4,2026-01-29,COMPLETED
925,5,2026-01-29,COMPLETED
926,1,2026-01-30,COMPLETED
927,2,2026-01-30,COMPLETED
928,3,2026-01-30,COMPLETED
929,4,2026-01-30,COMPLETED
930,5,2026-01-30,COMPLETED
931,1,2026-01-31,COMPLETED
932,2,2026-01-31,COMPLETED
933,3,2026-01-31,COMPLETED
934,4,2026-01-31,COMPLETED
935,5,2026-01-31,COMPLETED
936,1,2026-02-01,COMPLETED
937,2,2026-02-01,COMPLETED
938,3,2026-02-01,COMPLETED
939,4,2026-02-01,COMPLETED
940,5,2026-02-01,COMPLETED
941,1,2026-02-02,COMPLETED
942,2,2026-02-02,COMPLETED
943,3,2026-02-02,COMPLETED
944,4,2026-02-02,COMPLETED
945,5,2026-02-02,COMPLETED
946,1,2026-02-03,COMPLETED
947,2,2026-02-03,COMPLETED
948,3,2026-02-03,COMPLETED
949,4,2026-02-03,COMPLETED
950,5,2026-02-03,COMPLETED
951,1,2026-02-04,COMPLETED
952,2,2026-02-04,COMPLETED
953,3,2026-02-04,COMPLETED
954,4,2026-02-04,COMPLETED
955,5,2026-02-04,COMPLETED
956,1,2026-02-05,COMPLETED
957,2,2026-02-05,COMPLETED
958,3,2026-02-05,COMPLETED
959,4,2026-02-05,COMPLETED
960,5,2026-02-05,COMPLETED
961,1,2026-02-06,COMPLETED
962,2,2026-02-06,COMPLETED
963,3,2026-02-06,COMPLETED
964,4,2026-02-06,COMPLETED
965,5,2026-02-06,COMPLETED
966,1,2026-02-07,COMPLETED
967,2,2026-02-07,COMPLETED
968,3,2026-02-07,COMPLETED
969,4,2026-02-07,COMPLETED
970,5,2026-02-07,COMPLETED
971,1,2026-02-08,COMPLETED
972,2,2026-02-08,COMPLETED
973,3,2026-02-08,COMPLETED
974,4,2026-02-08,COMPLETED
975,5,2026-02-08,COMPLETED
976,1,2026-02-09,COMPLETED
977,2,2026-02-09,COMPLETED
978,3,2026-02-09,COMPLETED
979,4,2026-02-09,COMPLETED
980,5,2026-02-09,COMPLETED
981,1,2026-02-10,COMPLETED
982,2,2026-02-10,COMPLETED
983,3,2026-02-10,COMPLETED
984,4,2026-02-10,COMPLETED
985,5,2026-02-10,COMPLETED
986,1,2026-02-11,COMPLETED
987,2,2026-02-11,COMPLETED
988,3,2026-02-11,COMPLETED
989,4,2026-02-11,COMPLETED
990,5,2026-02-11,COMPLETED
991,1,2026-02-12,COMPLETED
992,2,2026-02-12,COMPLETED
993,3,2026-02-12,COMPLETED
994,4,2026-02-12,COMPLETED
995,5,2026-02-12,COMPLETED
996,1,2026-02-13,COMPLETED
997,2,2026-02-13,COMPLETED
998,3,2026-02-13,COMPLETED
999,4,2026-02-13,COMPLETED
1000,5,2026-02-13,COMPLETED
1001,1,2026-02-14,COMPLETED
1002,2,2026-02-14,COMPLETED
1003,3,2026-02-14,COMPLETED
1004,4,2026-02-14,COMPLETED
1005,5,2026-02-14,COMPLETED
1006,1,2026-02-15,COMPLETED
1007,2,2026-02-15,COMPLETED
1008,3,2026-02-15,COMPLETED
1009,4,2026-02-15,COMPLETED
1010,5,2026-02-15,COMPLETED
1011,1,2026-02-16,COMPLETED
1012,2,2026-02-16,COMPLETED
1013,3,2026-02-16,COMPLETED
1014,4,2026-02-16,COMPLETED
1015,5,2026-02-16,COMPLETED
1016,1,2026-02-17,COMPLETED
1017,2,2026-02-17,COMPLETED
1018,3,2026-02-17,COMPLETED
1019,4,2026-02-17,COMPLETED
1020,5,2026-02-17,COMPLETED
1021,1,2026-02-18,COMPLETED
1022,2,2026-02-18,COMPLETED
1023,3,2026-02-18,COMPLETED
1024,4,2026-02-18,COMPLETED
1025,5,2026-02-18,COMPLETED
1026,1,2026-02-19,COMPLETED
1027,2,2026-02-19,COMPLETED
1028,3,2026-02-19,COMPLETED
1029,4,2026-02-19,COMPLETED
1030,5,2026-02-19,COMPLETED
1031,1,2026-02-20,COMPLETED
1032,2,2026-02-20,COMPLETED
1033,3,2026-02-20,COMPLETED
1034,4,2026-02-20,COMPLETED
1035,5,2026-02-20,COMPLETED
1036,1,2026-02-21,COMPLETED
1037,2,2026-02-21,COMPLETED
1038,3,2026-02-21,COMPLETED
1039,4,2026-02-21,COMPLETED
1040,5,2026-02-21,COMPLETED
1041,1,2026-02-22,COMPLETED
1042,2,2026-02-22,COMPLETED
1043,3,2026-02-22,COMPLETED
1044,4,2026-02-22,COMPLETED
1045,5,2026-02-22,COMPLETED
1046,1,2026-02-23,COMPLETED
1047,2,2026-02-23,COMPLETED
1048,3,2026-02-23,COMPLETED
1049,4,2026-02-23,COMPLETED
1050,5,2026-02-23,COMPLETED
1051,1,2026-02-24,COMPLETED
1052,2,2026-02-24,COMPLETED
1053,3,2026-02-24,COMPLETED
1054,4,2026-02-24,COMPLETED
1055,5,2026-02-24,COMPLETED
1056,1,2026-02-25,COMPLETED
1057,2,2026-02-25,COMPLETED
1058,3,2026-02-25,COMPLETED
1059,4,2026-02-25,COMPLETED
1060,5,2026-02-25,COMPLETED
1061,1,2026-02-26,COMPLETED
1062,2,2026-02-26,COMPLETED
1063,3,2026-02-26,COMPLETED
1064,4,2026-02-26,COMPLETED
1065,5,2026-02-26,COMPLETED
1066,1,2026-02-27,COMPLETED
1067,2,2026-02-27,COMPLETED
1068,3,2026-02-27,COMPLETED
1069,4,2026-02-27,COMPLETED
1070,5,2026-02-27,COMPLETED
1071,1,2026-02-28,COMPLETED
1072,2,2026-02-28,COMPLETED
1073,3,2026-02-28,COMPLETED
1074,4,2026-02-28,COMPLETED
1075,5,2026-02-28,COMPLETED
1076,1,2026-03-01,COMPLETED
1077,2,2026-03-01,COMPLETED
1078,3,2026-03-01,COMPLETED
1079,4,2026-03-01,COMPLETED
1080,5,2026-03-01,COMPLETED
1081,1,2026-03-02,COMPLETED
1082,2,2026-03-02,COMPLETED
1083,3,2026-03-02,COMPLETED
1084,4,2026-03-02,COMPLETED
1085,5,2026-03-02,COMPLETED
1086,1,2026-03-03,COMPLETED
1087,2,2026-03-03,COMPLETED
1088,3,2026-03-03,COMPLETED
1089,4,2026-03-03,COMPLETED
1090,5,2026-03-03,COMPLETED
1091,1,2026-03-04,COMPLETED
1092,2,2026-03-04,COMPLETED
1093,3,2026-03-04,COMPLETED
1094,4,2026-03-04,COMPLETED
1095,5,2026-03-04,COMPLETED
1096,1,2026-03-05,COMPLETED
1097,2,2026-03-05,COMPLETED
1098,3,2026-03-05,COMPLETED
1099,4,2026-03-05,COMPLETED
1100,5,2026-03-05,COMPLETED
1101,1,2026-03-06,COMPLETED
1102,2,2026-03-06,COMPLETED
1103,3,2026-03-06,COMPLETED
1104,4,2026-03-06,COMPLETED
1105,5,2026-03-06,COMPLETED
1106,1,2026-03-07,COMPLETED
1107,2,2026-03-07,COMPLETED
1108,3,2026-03-07,COMPLETED
1109,4,2026-03-07,COMPLETED
1110,5,2026-03-07,COMPLETED
1111,1,2026-03-08,COMPLETED
1112,2,2026-03-08,COMPLETED
1113,3,2026-03-08,COMPLETED
1114,4,2026-03-08,COMPLETED
1115,5,2026-03-08,COMPLETED
1116,1,2026-03-09,COMPLETED
1117,2,2026-03-09,COMPLETED
1118,3,2026-03-09,COMPLETED
1119,4,2026-03-09,COMPLETED
1120,5,2026-03-09,COMPLETED
1121,1,2026-03-10,COMPLETED
1122,2,2026-03-10,COMPLETED
1123,3,2026-03-10,COMPLETED
1124,4,2026-03-10,COMPLETED
1125,5,2026-03-10,COMPLETED
1126,1,2026-03-11,COMPLETED
1127,2,2026-03-11,COMPLETED
1128,3,2026-03-11,COMPLETED
1129,4,2026-03-11,COMPLETED
1130,5,2026-03-11,COMPLETED
1131,1,2026-03-12,COMPLETED
1132,2,2026-03-12,COMPLETED
1133,3,2026-03-12,COMPLETED
1134,4,2026-03-12,COMPLETED
1135,5,2026-03-12,COMPLETED
1136,1,2026-03-13,COMPLETED
1137,2,2026-03-13,COMPLETED
1138,3,2026-03-13,COMPLETED
1139,4,2026-03-13,COMPLETED
1140,5,2026-03-13,COMPLETED
1141,1,2026-03-14,COMPLETED
1142,2,2026-03-14,COMPLETED
1143,3,2026-03-14,COMPLETED
1144,4,2026-03-14,COMPLETED
1145,5,2026-03-14,COMPLETED
1146,1,2026-03-15,COMPLETED
1147,2,2026-03-15,COMPLETED
1148,3,2026-03-15,COMPLETED
1149,4,2026-03-15,COMPLETED
1150,5,2026-03-15,COMPLETED
1151,1,2026-03-16,COMPLETED
1152,2,2026-03-16,COMPLETED
1153,3,2026-03-16,COMPLETED
1154,4,2026-03-16,COMPLETED
1155,5,2026-03-16,COMPLETED
1156,1,2026-03-17,COMPLETED
1157,2,2026-03-17,COMPLETED
1158,3,2026-03-17,COMPLETED
1159,4,2026-03-17,COMPLETED
1160,5,2026-03-17,COMPLETED
1161,1,2026-03-18,COMPLETED
1162,2,2026-03-18,COMPLETED
1163,3,2026-03-18,COMPLETED
1164,4,2026-03-18,COMPLETED
1165,5,2026-03-18,COMPLETED
1166,1,2026-03-19,COMPLETED
1167,2,2026-03-19,COMPLETED
1168,3,2026-03-19,COMPLETED
1169,4,2026-03-19,COMPLETED
1170,5,2026-03-19,COMPLETED
1171,1,2026-03-20,COMPLETED
1172,2,2026-03-20,COMPLETED
1173,3,2026-03-20,COMPLETED
1174,4,2026-03-20,COMPLETED
1175,5,2026-03-20,COMPLETED
1176,1,2026-03-21,COMPLETED
1177,2,2026-03-21,COMPLETED
1178,3,2026-03-21,COMPLETED
1179,4,2026-03-21,COMPLETED
1180,5,2026-03-21,COMPLETED
1181,1,2026-03-22,COMPLETED
1182,2,2026-03-22,COMPLETED
1183,3,2026-03-22,COMPLETED
1184,4,2026-03-22,COMPLETED
1185,5,2026-03-22,COMPLETED
1186,1,2026-03-23,COMPLETED
1187,2,2026-03-23,COMPLETED
1188,3,2026-03-23,COMPLETED
1189,4,2026-03-23,COMPLETED
1190,5,2026-03-23,COMPLETED
1191,1,2026-03-24,COMPLETED
1192,2,2026-03-24,COMPLETED
1193,3,2026-03-24,COMPLETED
1194,4,2026-03-24,COMPLETED
1195,5,2026-03-24,COMPLETED
1196,1,2026-03-25,COMPLETED
1197,2,2026-03-25,COMPLETED
1198,3,2026-03-25,COMPLETED
1199,4,2026-03-25,COMPLETED
1200,5,2026-03-25,COMPLETED
1201,1,2026-03-26,COMPLETED
1202,2,2026-03-26,COMPLETED
1203,3,2026-03-26,COMPLETED
1204,4,2026-03-26,COMPLETED
1205,5,2026-03-26,COMPLETED
1206,1,2026-03-27,COMPLETED
1207,2,2026-03-27,COMPLETED
1208,3,2026-03-27,COMPLETED
1209,4,2026-03-27,COMPLETED
1210,5,2026-03-27,COMPLETED
1211,1,2026-03-28,COMPLETED
1212,2,2026-03-28,COMPLETED
1213,3,2026-03-28,COMPLETED
1214,4,2026-03-28,COMPLETED
1215,5,2026-03-28,COMPLETED
1216,1,2026-03-29,COMPLETED
1217,2,2026-03-29,COMPLETED
1218,3,2026-03-29,COMPLETED
1219,4,2026-03-29,COMPLETED
1220,5,2026-03-29,COMPLETED
1221,1,2026-03-30,COMPLETED
1222,2,2026-03-30,COMPLETED
1223,3,2026-03-30,COMPLETED
1224,4,2026-03-30,COMPLETED
1225,5,2026-03-30,COMPLETED
1226,1,2026-03-31,COMPLETED
1227,2,2026-03-31,COMPLETED
1228,3,2026-03-31,COMPLETED
1229,4,2026-03-31,COMPLETED
1230,5,2026-03-31,COMPLETED
1231,1,2026-04-01,COMPLETED
1232,2,2026-04-01,COMPLETED
1233,3,2026-04-01,COMPLETED
1234,4,2026-04-01,COMPLETED
1235,5,2026-04-01,COMPLETED
1236,1,2026-04-02,COMPLETED
1237,2,2026-04-02,COMPLETED
1238,3,2026-04-02,COMPLETED
1239,4,2026-04-02,COMPLETED
1240,5,2026-04-02,COMPLETED
1241,1,2026-04-03,COMPLETED
1242,2,2026-04-03,COMPLETED
1243,3,2026-04-03,COMPLETED
1244,4,2026-04-03,COMPLETED
1245,5,2026-04-03,COMPLETED
1246,1,2026-04-04,COMPLETED
1247,2,2026-04-04,COMPLETED
1248,3,2026-04-04,COMPLETED
1249,4,2026-04-04,COMPLETED
1250,5,2026-04-04,COMPLETED
1251,1,2026-04-05,COMPLETED
1252,2,2026-04-05,COMPLETED
1253,3,2026-04-05,COMPLETED
1254,4,2026-04-05,COMPLETED
1255,5,2026-04-05,COMPLETED
1256,1,2026-04-06,COMPLETED
1257,2,2026-04-06,COMPLETED
1258,3,2026-04-06,COMPLETED
1259,4,2026-04-06,COMPLETED
1260,5,2026-04-06,COMPLETED
1261,1,2026-04-07,COMPLETED
1262,2,2026-04-07,COMPLETED
1263,3,2026-04-07,COMPLETED
1264,4,2026-04-07,COMPLETED
1265,5,2026-04-07,COMPLETED
1266,1,2026-04-08,COMPLETED
1267,2,2026-04-08,COMPLETED
1268,3,2026-04-08,COMPLETED
1269,4,2026-04-08,COMPLETED
1270,5,2026-04-08,COMPLETED
1271,1,2026-04-09,COMPLETED
1272,2,2026-04-09,COMPLETED
1273,3,2026-04-09,COMPLETED
1274,4,2026-04-09,COMPLETED
1275,5,2026-04-09,COMPLETED
1276,1,2026-04-10,COMPLETED
1277,2,2026-04-10,COMPLETED
1278,3,2026-04-10,COMPLETED
1279,4,2026-04-10,COMPLETED
1280,5,2026-04-10,COMPLETED
1281,1,2026-04-11,COMPLETED
1282,2,2026-04-11,COMPLETED
1283,3,2026-04-11,COMPLETED
1284,4,2026-04-11,COMPLETED
1285,5,2026-04-11,COMPLETED
1286,1,2026-04-12,COMPLETED
1287,2,2026-04-12,COMPLETED
1288,3,2026-04-12,COMPLETED
1289,4,2026-04-12,COMPLETED
1290,5,2026-04-12,COMPLETED
1291,1,2026-04-13,COMPLETED
1292,2,2026-04-13,COMPLETED
1293,3,2026-04-13,COMPLETED
1294,4,2026-04-13,COMPLETED
1295,5,2026-04-13,COMPLETED
1296,1,2026-04-14,COMPLETED
1297,2,2026-04-14,COMPLETED
1298,3,2026-04-14,COMPLETED
1299,4,2026-04-14,COMPLETED
1300,5,2026-04-14,COMPLETED
1301,1,2026-04-15,COMPLETED
1302,2,2026-04-15,COMPLETED
1303,3,2026-04-15,COMPLETED
1304,4,2026-04-15,COMPLETED
1305,5,2026-04-15,COMPLETED
1306,1,2026-04-16,COMPLETED
1307,2,2026-04-16,COMPLETED
1308,3,2026-04-16,COMPLETED
1309,4,2026-04-16,COMPLETED
1310,5,2026-04-16,COMPLETED
1311,1,2026-04-17,COMPLETED
1312,2,2026-04-17,COMPLETED
1313,3,2026-04-17,COMPLETED
1314,4,2026-04-17,COMPLETED
1315,5,2026-04-17,COMPLETED
1316,1,2026-04-18,COMPLETED
1317,2,2026-04-18,COMPLETED
1318,3,2026-04-18,COMPLETED
1319,4,2026-04-18,COMPLETED
1320,5,2026-04-18,COMPLETED
1321,1,2026-04-19,COMPLETED
1322,2,2026-04-19,COMPLETED
1323,3,2026-04-19,COMPLETED
1324,4,2026-04-19,COMPLETED
1325,5,2026-04-19,COMPLETED
1326,1,2026-04-20,COMPLETED
1327,2,2026-04-20,COMPLETED
1328,3,2026-04-20,COMPLETED
1329,4,2026-04-20,COMPLETED
1330,5,2026-04-20,COMPLETED
1331,1,2026-04-21,COMPLETED
1332,2,2026-04-21,COMPLETED
1333,3,2026-04-21,COMPLETED
1334,4,2026-04-21,COMPLETED
1335,5,2026-04-21,COMPLETED
1336,1,2026-04-22,COMPLETED
1337,2,2026-04-22,COMPLETED
1338,3,2026-04-22,COMPLETED
1339,4,2026-04-22,COMPLETED
1340,5,2026-04-22,COMPLETED
1341,1,2026-04-23,COMPLETED
1342,2,2026-04-23,COMPLETED
1343,3,2026-04-23,COMPLETED
1344,4,2026-04-23,COMPLETED
1345,5,2026-04-23,COMPLETED
1346,1,2026-04-24,COMPLETED
1347,2,2026-04-24,COMPLETED
1348,3,2026-04-24,COMPLETED
1349,4,2026-04-24,COMPLETED
1350,5,2026-04-24,COMPLETED
1351,1,2026-04-25,COMPLETED
1352,2,2026-04-25,COMPLETED
1353,3,2026-04-25,COMPLETED
1354,4,2026-04-25,COMPLETED
1355,5,2026-04-25,COMPLETED
1356,1,2026-04-26,COMPLETED
1357,2,2026-04-26,COMPLETED
1358,3,2026-04-26,COMPLETED
1359,4,2026-04-26,COMPLETED
1360,5,2026-04-26,COMPLETED
1361,1,2026-04-27,COMPLETED
1362,2,2026-04-27,COMPLETED
1363,3,2026-04-27,COMPLETED
1364,4,2026-04-27,COMPLETED
1365,5,2026-04-27,COMPLETED
1366,1,2026-04-28,COMPLETED
1367,2,2026-04-28,COMPLETED
1368,3,2026-04-28,COMPLETED
1369,4,2026-04-28,COMPLETED
1370,5,2026-04-28,COMPLETED
1371,1,2026-04-29,COMPLETED
1372,2,2026-04-29,COMPLETED
1373,3,2026-04-29,COMPLETED
1374,4,2026-04-29,COMPLETED
1375,5,2026-04-29,COMPLETED
1376,1,2026-04-30,COMPLETED
1377,2,2026-04-30,COMPLETED
1378,3,2026-04-30,COMPLETED
1379,4,2026-04-30,COMPLETED
1380,5,2026-04-30,COMPLETED
1381,1,2026-05-01,COMPLETED
1382,2,2026-05-01,COMPLETED
1383,3,2026-05-01,COMPLETED
1384,4,2026-05-01,COMPLETED
1385,5,2026-05-01,COMPLETED
1386,1,2026-05-02,COMPLETED
1387,2,2026-05-02,COMPLETED
1388,3,2026-05-02,COMPLETED
1389,4,2026-05-02,COMPLETED
1390,5,2026-05-02,COMPLETED
1391,1,2026-05-03,COMPLETED
1392,2,2026-05-03,COMPLETED
1393,3,2026-05-03,COMPLETED
1394,4,2026-05-03,COMPLETED
1395,5,2026-05-03,COMPLETED
1396,1,2026-05-04,COMPLETED
1397,2,2026-05-04,COMPLETED
1398,3,2026-05-04,COMPLETED
1399,4,2026-05-04,COMPLETED
1400,5,2026-05-04,COMPLETED
1401,1,2026-05-05,COMPLETED
1402,2,2026-05-05,COMPLETED
1403,3,2026-05-05,COMPLETED
1404,4,2026-05-05,COMPLETED
1405,5,2026-05-05,COMPLETED
1406,1,2026-05-06,COMPLETED
1407,2,2026-05-06,COMPLETED
1408,3,2026-05-06,COMPLETED
1409,4,2026-05-06,COMPLETED
1410,5,2026-05-06,COMPLETED
1411,1,2026-05-07,COMPLETED
1412,2,2026-05-07,COMPLETED
1413,3,2026-05-07,COMPLETED
1414,4,2026-05-07,COMPLETED
1415,5,2026-05-07,COMPLETED
1416,1,2026-05-08,COMPLETED
1417,2,2026-05-08,COMPLETED
1418,3,2026-05-08,COMPLETED
1419,4,2026-05-08,COMPLETED
1420,5,2026-05-08,COMPLETED
1421,1,2026-05-09,COMPLETED
1422,2,2026-05-09,COMPLETED
1423,3,2026-05-09,COMPLETED
1424,4,2026-05-09,COMPLETED
1425,5,2026-05-09,COMPLETED
1426,1,2026-05-10,COMPLETED
1427,2,2026-05-10,COMPLETED
1428,3,2026-05-10,COMPLETED
1429,4,2026-05-10,COMPLETED
1430,5,2026-05-10,COMPLETED
1431,1,2026-05-11,COMPLETED
1432,2,2026-05-11,COMPLETED
1433,3,2026-05-11,COMPLETED
1434,4,2026-05-11,COMPLETED
1435,5,2026-05-11,COMPLETED
1436,1,2026-05-12,COMPLETED
1437,2,2026-05-12,COMPLETED
1438,3,2026-05-12,COMPLETED
1439,4,2026-05-12,COMPLETED
1440,5,2026-05-12,COMPLETED
1441,1,2026-05-13,COMPLETED
1442,2,2026-05-13,COMPLETED
1443,3,2026-05-13,COMPLETED
1444,4,2026-05-13,COMPLETED
1445,5,2026-05-13,COMPLETED
1446,1,2026-05-14,COMPLETED
1447,2,2026-05-14,COMPLETED
1448,3,2026-05-14,COMPLETED
1449,4,2026-05-14,COMPLETED
1450,5,2026-05-14,COMPLETED
1451,1,2026-05-15,COMPLETED
1452,2,2026-05-15,COMPLETED
1453,3,2026-05-15,COMPLETED
1454,4,2026-05-15,COMPLETED
1455,5,2026-05-15,COMPLETED
1456,1,2026-05-16,COMPLETED
1457,2,2026-05-16,COMPLETED
1458,3,2026-05-16,COMPLETED
1459,4,2026-05-16,COMPLETED
1460,5,2026-05-16,COMPLETED
1461,1,2026-05-17,COMPLETED
1462,2,2026-05-17,COMPLETED
1463,3,2026-05-17,COMPLETED
1464,4,2026-05-17,COMPLETED
1465,5,2026-05-17,COMPLETED
1466,1,2026-05-18,COMPLETED
1467,2,2026-05-18,COMPLETED
1468,3,2026-05-18,COMPLETED
1469,4,2026-05-18,COMPLETED
1470,5,2026-05-18,COMPLETED
1471,1,2026-05-19,COMPLETED
1472,2,2026-05-19,COMPLETED
1473,3,2026-05-19,COMPLETED
1474,4,2026-05-19,COMPLETED
1475,5,2026-05-19,COMPLETED
1476,1,2026-05-20,COMPLETED
1477,2,2026-05-20,COMPLETED
1478,3,2026-05-20,COMPLETED
1479,4,2026-05-20,COMPLETED
1480,5,2026-05-20,COMPLETED
1481,1,2026-05-21,COMPLETED
1482,2,2026-05-21,COMPLETED
1483,3,2026-05-21,COMPLETED
1484,4,2026-05-21,COMPLETED
1485,5,2026-05-21,COMPLETED
1486,1,2026-05-22,COMPLETED
1487,2,2026-05-22,COMPLETED
1488,3,2026-05-22,COMPLETED
1489,4,2026-05-22,COMPLETED
1490,5,2026-05-22,COMPLETED
1491,1,2026-05-23,COMPLETED
1492,2,2026-05-23,COMPLETED
1493,3,2026-05-23,COMPLETED
1494,4,2026-05-23,COMPLETED
1495,5,2026-05-23,COMPLETED
1496,1,2026-05-24,COMPLETED
1497,2,2026-05-24,COMPLETED
1498,3,2026-05-24,COMPLETED
1499,4,2026-05-24,COMPLETED
1500,5,2026-05-24,COMPLETED
1501,1,2026-05-25,COMPLETED
1502,2,2026-05-25,COMPLETED
1503,3,2026-05-25,COMPLETED
1504,4,2026-05-25,COMPLETED
1505,5,2026-05-25,COMPLETED
1506,1,2026-05-26,COMPLETED
1507,2,2026-05-26,COMPLETED
1508,3,2026-05-26,COMPLETED
1509,4,2026-05-26,COMPLETED
1510,5,2026-05-26,COMPLETED
1511,1,2026-05-27,COMPLETED
1512,2,2026-05-27,COMPLETED
1513,3,2026-05-27,COMPLETED
1514,4,2026-05-27,COMPLETED
1515,5,2026-05-27,COMPLETED
1516,1,2026-05-28,COMPLETED
1517,2,2026-05-28,COMPLETED
1518,3,2026-05-28,COMPLETED
1519,4,2026-05-28,COMPLETED
1520,5,2026-05-28,COMPLETED
1521,1,2026-05-29,COMPLETED
1522,2,2026-05-29,COMPLETED
1523,3,2026-05-29,COMPLETED
1524,4,2026-05-29,COMPLETED
1525,5,2026-05-29,COMPLETED
1526,1,2026-05-30,COMPLETED
1527,2,2026-05-30,COMPLETED
1528,3,2026-05-30,COMPLETED
1529,4,2026-05-30,COMPLETED
1530,5,2026-05-30,COMPLETED
1531,1,2026-05-31,COMPLETED
1532,2,2026-05-31,COMPLETED
1533,3,2026-05-31,COMPLETED
1534,4,2026-05-31,COMPLETED
1535,5,2026-05-31,COMPLETED
1536,1,2026-06-01,COMPLETED
1537,2,2026-06-01,COMPLETED
1538,3,2026-06-01,COMPLETED
1539,4,2026-06-01,COMPLETED
1540,5,2026-06-01,COMPLETED
1541,1,2026-06-02,COMPLETED
1542,2,2026-06-02,COMPLETED
1543,3,2026-06-02,COMPLETED
1544,4,2026-06-02,COMPLETED
1545,5,2026-06-02,COMPLETED
1546,1,2026-06-03,COMPLETED
1547,2,2026-06-03,COMPLETED
1548,3,2026-06-03,COMPLETED
1549,4,2026-06-03,COMPLETED
1550,5,2026-06-03,COMPLETED
1551,1,2026-06-04,COMPLETED
1552,2,2026-06-04,COMPLETED
1553,3,2026-06-04,COMPLETED
1554,4,2026-06-04,COMPLETED
1555,5,2026-06-04,COMPLETED
1556,1,2026-06-05,COMPLETED
1557,2,2026-06-05,COMPLETED
1558,3,2026-06-05,COMPLETED
1559,4,2026-06-05,COMPLETED
1560,5,2026-06-05,COMPLETED
1561,1,2026-06-06,COMPLETED
1562,2,2026-06-06,COMPLETED
1563,3,2026-06-06,COMPLETED
1564,4,2026-06-06,COMPLETED
1565,5,2026-06-06,COMPLETED
1566,1,2026-06-07,COMPLETED
1567,2,2026-06-07,COMPLETED
1568,3,2026-06-07,COMPLETED
1569,4,2026-06-07,COMPLETED
1570,5,2026-06-07,COMPLETED
1571,1,2026-06-08,COMPLETED
1572,2,2026-06-08,COMPLETED
1573,3,2026-06-08,COMPLETED
1574,4,2026-06-08,COMPLETED
1575,5,2026-06-08,COMPLETED
1576,1,2026-06-09,COMPLETED
1577,2,2026-06-09,COMPLETED
1578,3,2026-06-09,COMPLETED
1579,4,2026-06-09,COMPLETED
1580,5,2026-06-09,COMPLETED
1581,1,2026-06-10,COMPLETED
1582,2,2026-06-10,COMPLETED
1583,3,2026-06-10,COMPLETED
1584,4,2026-06-10,COMPLETED
1585,5,2026-06-10,COMPLETED
1586,1,2026-06-11,COMPLETED
1587,2,2026-06-11,COMPLETED
1588,3,2026-06-11,COMPLETED
1589,4,2026-06-11,COMPLETED
1590,5,2026-06-11,COMPLETED
1591,1,2026-06-12,COMPLETED
1592,2,2026-06-12,COMPLETED
1593,3,2026-06-12,COMPLETED
1594,4,2026-06-12,COMPLETED
1595,5,2026-06-12,COMPLETED
1596,1,2026-06-13,COMPLETED
1597,2,2026-06-13,COMPLETED
1598,3,2026-06-13,COMPLETED
1599,4,2026-06-13,COMPLETED
1600,5,2026-06-13,COMPLETED
1601,1,2026-06-14,COMPLETED
1602,2,2026-06-14,COMPLETED
1603,3,2026-06-14,COMPLETED
1604,4,2026-06-14,COMPLETED
1605,5,2026-06-14,COMPLETED
1606,1,2026-06-15,COMPLETED
1607,2,2026-06-15,COMPLETED
1608,3,2026-06-15,COMPLETED
1609,4,2026-06-15,COMPLETED
1610,5,2026-06-15,COMPLETED
1611,1,2026-06-16,COMPLETED
1612,2,2026-06-16,COMPLETED
1613,3,2026-06-16,COMPLETED
1614,4,2026-06-16,COMPLETED
1615,5,2026-06-16,COMPLETED
1616,1,2026-06-17,COMPLETED
1617,2,2026-06-17,COMPLETED
1618,3,2026-06-17,COMPLETED
1619,4,2026-06-17,COMPLETED
1620,5,2026-06-17,COMPLETED
1621,1,2026-06-18,COMPLETED
1622,2,2026-06-18,COMPLETED
1623,3,2026-06-18,COMPLETED
1624,4,2026-06-18,COMPLETED
1625,5,2026-06-18,COMPLETED
1626,1,2026-06-19,COMPLETED
1627,2,2026-06-19,COMPLETED
1628,3,2026-06-19,COMPLETED
1629,4,2026-06-19,COMPLETED
1630,5,2026-06-19,COMPLETED
1631,1,2026-06-20,COMPLETED
1632,2,2026-06-20,COMPLETED
1633,3,2026-06-20,COMPLETED
1634,4,2026-06-20,COMPLETED
1635,5,2026-06-20,COMPLETED
1636,1,2026-06-21,COMPLETED
1637,2,2026-06-21,COMPLETED
1638,3,2026-06-21,COMPLETED
1639,4,2026-06-21,COMPLETED
1640,5,2026-06-21,COMPLETED
1641,1,2026-06-22,COMPLETED
1642,2,2026-06-22,COMPLETED
1643,3,2026-06-22,COMPLETED
1644,4,2026-06-22,COMPLETED
1645,5,2026-06-22,COMPLETED
1646,1,2026-06-23,COMPLETED
1647,2,2026-06-23,COMPLETED
1648,3,2026-06-23,COMPLETED
1649,4,2026-06-23,COMPLETED
1650,5,2026-06-23,COMPLETED
1651,1,2026-06-24,COMPLETED
1652,2,2026-06-24,COMPLETED
1653,3,2026-06-24,COMPLETED
1654,4,2026-06-24,COMPLETED
1655,5,2026-06-24,COMPLETED
1656,1,2026-06-25,COMPLETED
1657,2,2026-06-25,COMPLETED
1658,3,2026-06-25,COMPLETED
1659,4,2026-06-25,COMPLETED
1660,5,2026-06-25,COMPLETED
1661,1,2026-06-26,COMPLETED
1662,2,2026-06-26,COMPLETED
1663,3,2026-06-26,COMPLETED
1664,4,2026-06-26,COMPLETED
1665,5,2026-06-26,COMPLETED
1666,1,2026-06-27,COMPLETED
1667,2,2026-06-27,COMPLETED
1668,3,2026-06-27,COMPLETED
1669,4,2026-06-27,COMPLETED
1670,5,2026-06-27,COMPLETED
1671,1,2026-06-28,COMPLETED
1672,2,2026-06-28,COMPLETED
1673,3,2026-06-28,COMPLETED
1674,4,2026-06-28,COMPLETED
1675,5,2026-06-28,COMPLETED
1676,1,2026-06-29,COMPLETED
1677,2,2026-06-29,COMPLETED
1678,3,2026-06-29,COMPLETED
1679,4,2026-06-29,COMPLETED
1680,5,2026-06-29,COMPLETED
1681,1,2026-06-30,COMPLETED
1682,2,2026-06-30,COMPLETED
1683,3,2026-06-30,COMPLETED
1684,4,2026-06-30,COMPLETED
1685,5,2026-06-30,COMPLETED
1686,1,2026-07-01,COMPLETED
1687,2,2026-07-01,COMPLETED
1688,3,2026-07-01,COMPLETED
1689,4,2026-07-01,COMPLETED
1690,5,2026-07-01,COMPLETED
1691,1,2026-07-02,COMPLETED
1692,2,2026-07-02,COMPLETED
1693,3,2026-07-02,COMPLETED
1694,4,2026-07-02,COMPLETED
1695,5,2026-07-02,COMPLETED
1696,1,2026-07-03,COMPLETED
1697,2,2026-07-03,COMPLETED
1698,3,2026-07-03,COMPLETED
1699,4,2026-07-03,COMPLETED
1700,5,2026-07-03,COMPLETED
1701,1,2026-07-04,COMPLETED
1702,2,2026-07-04,COMPLETED
1703,3,2026-07-04,COMPLETED
1704,4,2026-07-04,COMPLETED
1705,5,2026-07-04,COMPLETED
1706,1,2026-07-05,COMPLETED
1707,2,2026-07-05,COMPLETED
1708,3,2026-07-05,COMPLETED
1709,4,2026-07-05,COMPLETED
1710,5,2026-07-05,COMPLETED
1711,1,2026-07-06,COMPLETED
1712,2,2026-07-06,COMPLETED
1713,3,2026-07-06,COMPLETED
1714,4,2026-07-06,COMPLETED
1715,5,2026-07-06,COMPLETED
1716,1,2026-07-07,COMPLETED
1717,2,2026-07-07,COMPLETED
1718,3,2026-07-07,COMPLETED
1719,4,2026-07-07,COMPLETED
1720,5,2026-07-07,COMPLETED
1721,1,2026-07-08,COMPLETED
1722,2,2026-07-08,COMPLETED
1723,3,2026-07-08,COMPLETED
1724,4,2026-07-08,COMPLETED
1725,5,2026-07-08,COMPLETED
1726,1,2026-07-09,COMPLETED
1727,2,2026-07-09,COMPLETED
1728,3,2026-07-09,COMPLETED
1729,4,2026-07-09,COMPLETED
1730,5,2026-07-09,COMPLETED
1731,1,2026-07-10,COMPLETED
1732,2,2026-07-10,COMPLETED
1733,3,2026-07-10,COMPLETED
1734,4,2026-07-10,COMPLETED
1735,5,2026-07-10,COMPLETED
1736,1,2026-07-11,COMPLETED
1737,2,2026-07-11,COMPLETED
1738,3,2026-07-11,COMPLETED
1739,4,2026-07-11,COMPLETED
1740,5,2026-07-11,COMPLETED
1741,1,2026-07-12,COMPLETED
1742,2,2026-07-12,COMPLETED
1743,3,2026-07-12,COMPLETED
1744,4,2026-07-12,COMPLETED
1745,5,2026-07-12,COMPLETED
1746,1,2026-07-13,COMPLETED
1747,2,2026-07-13,COMPLETED
1748,3,2026-07-13,COMPLETED
1749,4,2026-07-13,COMPLETED
1750,5,2026-07-13,COMPLETED
1751,1,2026-07-14,COMPLETED
1752,2,2026-07-14,COMPLETED
1753,3,2026-07-14,COMPLETED
1754,4,2026-07-14,COMPLETED
1755,5,2026-07-14,COMPLETED
1756,1,2026-07-15,COMPLETED
1757,2,2026-07-15,COMPLETED
1758,3,2026-07-15,COMPLETED
1759,4,2026-07-15,COMPLETED
1760,5,2026-07-15,COMPLETED
1761,1,2026-07-16,COMPLETED
1762,2,2026-07-16,COMPLETED
1763,3,2026-07-16,COMPLETED
1764,4,2026-07-16,COMPLETED
1765,5,2026-07-16,COMPLETED
1766,1,2026-07-17,COMPLETED
1767,2,2026-07-17,COMPLETED
1768,3,2026-07-17,COMPLETED
1769,4,2026-07-17,COMPLETED
1770,5,2026-07-17,COMPLETED
1771,1,2026-07-18,COMPLETED
1772,2,2026-07-18,COMPLETED
1773,3,2026-07-18,COMPLETED
1774,4,2026-07-18,COMPLETED
1775,5,2026-07-18,COMPLETED
1776,1,2026-07-19,COMPLETED
1777,2,2026-07-19,COMPLETED
1778,3,2026-07-19,COMPLETED
1779,4,2026-07-19,COMPLETED
1780,5,2026-07-19,COMPLETED
1781,1,2026-07-20,COMPLETED
1782,2,2026-07-20,COMPLETED
1783,3,2026-07-20,COMPLETED
1784,4,2026-07-20,COMPLETED
1785,5,2026-07-20,COMPLETED
1786,1,2026-07-21,COMPLETED
1787,2,2026-07-21,COMPLETED
1788,3,2026-07-21,COMPLETED
1789,4,2026-07-21,COMPLETED
1790,5,2026-07-21,COMPLETED
1791,1,2026-07-22,COMPLETED
1792,2,2026-07-22,COMPLETED
1793,3,2026-07-22,COMPLETED
1794,4,2026-07-22,COMPLETED
1795,5,2026-07-22,COMPLETED
1796,1,2026-07-23,COMPLETED
1797,2,2026-07-23,COMPLETED
1798,3,2026-07-23,COMPLETED
1799,4,2026-07-23,COMPLETED
1800,5,2026-07-23,COMPLETED
1801,1,2026-07-24,COMPLETED
1802,2,2026-07-24,COMPLETED
1803,3,2026-07-24,COMPLETED
1804,4,2026-07-24,COMPLETED
1805,5,2026-07-24,COMPLETED
1806,1,2026-07-25,COMPLETED
1807,2,2026-07-25,COMPLETED
1808,3,2026-07-25,COMPLETED
1809,4,2026-07-25,COMPLETED
1810,5,2026-07-25,COMPLETED
1811,1,2026-07-26,COMPLETED
1812,2,2026-07-26,COMPLETED
1813,3,2026-07-26,COMPLETED
1814,4,2026-07-26,COMPLETED
1815,5,2026-07-26,COMPLETED
1816,1,2026-07-27,COMPLETED
1817,2,2026-07-27,COMPLETED
1818,3,2026-07-27,COMPLETED
1819,4,2026-07-27,COMPLETED
1820,5,2026-07-27,COMPLETED
1821,1,2026-07-28,COMPLETED
1822,2,2026-07-28,COMPLETED
1823,3,2026-07-28,COMPLETED
1824,4,2026-07-28,COMPLETED
1825,5,2026-07-28,COMPLETED
1826,1,2026-07-29,COMPLETED
1827,2,2026-07-29,COMPLETED
1828,3,2026-07-29,COMPLETED
1829,4,2026-07-29,COMPLETED
1830,5,2026-07-29,COMPLETED
1831,1,2026-07-30,COMPLETED
1832,2,2026-07-30,COMPLETED
1833,3,2026-07-30,COMPLETED
1834,4,2026-07-30,COMPLETED
1835,5,2026-07-30,COMPLETED
1836,1,2026-07-31,COMPLETED
1837,2,2026-07-31,COMPLETED
1838,3,2026-07-31,COMPLETED
1839,4,2026-07-31,COMPLETED
1840,5,2026-07-31,COMPLETED
1841,1,2026-08-01,COMPLETED
1842,2,2026-08-01,COMPLETED
1843,3,2026-08-01,COMPLETED
1844,4,2026-08-01,COMPLETED
1845,5,2026-08-01,COMPLETED
1846,1,2026-08-02,COMPLETED
1847,2,2026-08-02,COMPLETED
1848,3,2026-08-02,COMPLETED
1849,4,2026-08-02,COMPLETED
1850,5,2026-08-02,COMPLETED
1851,1,2026-08-03,COMPLETED
1852,2,2026-08-03,COMPLETED
1853,3,2026-08-03,COMPLETED
1854,4,2026-08-03,COMPLETED
1855,5,2026-08-03,COMPLETED
1856,1,2026-08-04,COMPLETED
1857,2,2026-08-04,COMPLETED
1858,3,2026-08-04,COMPLETED
1859,4,2026-08-04,COMPLETED
1860,5,2026-08-04,COMPLETED
1861,1,2026-08-05,COMPLETED
1862,2,2026-08-05,COMPLETED
1863,3,2026-08-05,COMPLETED
1864,4,2026-08-05,COMPLETED
1865,5,2026-08-05,COMPLETED
1866,1,2026-08-06,COMPLETED
1867,2,2026-08-06,COMPLETED
1868,3,2026-08-06,COMPLETED
1869,4,2026-08-06,COMPLETED
1870,5,2026-08-06,COMPLETED
1871,1,2026-08-07,COMPLETED
1872,2,2026-08-07,COMPLETED
1873,3,2026-08-07,COMPLETED
1874,4,2026-08-07,COMPLETED
1875,5,2026-08-07,COMPLETED
1876,1,2026-08-08,COMPLETED
1877,2,2026-08-08,COMPLETED
1878,3,2026-08-08,COMPLETED
1879,4,2026-08-08,COMPLETED
1880,5,2026-08-08,COMPLETED
1881,1,2026-08-09,COMPLETED
1882,2,2026-08-09,COMPLETED
1883,3,2026-08-09,COMPLETED
1884,4,2026-08-09,COMPLETED
1885,5,2026-08-09,COMPLETED
1886,1,2026-08-10,COMPLETED
1887,2,2026-08-10,COMPLETED
1888,3,2026-08-10,COMPLETED
1889,4,2026-08-10,COMPLETED
1890,5,2026-08-10,COMPLETED
1891,1,2026-08-11,COMPLETED
1892,2,2026-08-11,COMPLETED
1893,3,2026-08-11,COMPLETED
1894,4,2026-08-11,COMPLETED
1895,5,2026-08-11,COMPLETED
1896,1,2026-08-12,COMPLETED
1897,2,2026-08-12,COMPLETED
1898,3,2026-08-12,COMPLETED
1899,4,2026-08-12,COMPLETED
1900,5,2026-08-12,COMPLETED
